G000214155	G000214155	0	0	10000/10000
G000240505	G000214155	0.111429	0	506/10000
G000972925	G000214155	0.151066	0	214/10000
G000970885	G000214155	0.157113	0	188/10000
G001021505	G000214155	0.1413	0	264/10000
G001673105	G000214155	0.14183	0	261/10000
G001494595	G000214155	0.219531	5.68819e-177	50/10000
G000230935	G000214155	0.22559	1.3911e-151	44/10000
G001021385	G000214155	0.231311	1.205e-133	39/10000
G000559085	G000214155	0.218593	5.25389e-180	51/10000
G001426545	G000214155	0.232543	1.77897e-129	38/10000
G000620625	G000214155	0.23782	1.50173e-113	34/10000
G001291445	G000214155	0.219531	3.28903e-176	50/10000
G000613185	G000214155	0.22559	1.66877e-152	44/10000
G001428895	G000214155	0.228939	9.96282e-141	41/10000
G000317305	G000214155	0.23011	1.76877e-138	40/10000
G000015005	G000214155	0.221466	2.3204e-167	48/10000
G001307545	G000214155	0.235108	3.69395e-122	36/10000
G000805385	G000214155	0.22668	6.84461e-149	43/10000
G000455325	G000214155	0.22559	5.07354e-152	44/10000
G000612825	G000214155	0.243761	1.90165e-98	30/10000
G000373905	G000214155	0.248764	2.58203e-90	27/10000
G001570425	G000214155	0.232543	1.24786e-128	38/10000
G000234585	G000214155	0.215885	1.39323e-194	54/10000
G000328565	G000214155	0.231311	1.4654e-132	39/10000
G000230895	G000214155	0.232543	1.44123e-129	38/10000
G000379865	G000214155	0.211692	3.44375e-214	59/10000
G001005175	G000214155	0.211692	6.20469e-214	59/10000
G001583415	G000214155	0.207109	7.67038e-238	65/10000
G001499855	G000214155	0.223483	2.84373e-162	46/10000
G001499915	G000214155	0.22559	2.40862e-154	44/10000
G000015405	G000214155	0.218593	4.55147e-180	51/10000
G000266905	G000214155	0.224525	1.59368e-156	45/10000
G001044245	G000214155	0.228939	6.44244e-142	41/10000
G001044235	G000214155	0.214163	3.37451e-198	56/10000
G000015305	G000214155	0.222464	4.29443e-164	47/10000
G001655245	G000214155	0.218593	4.24053e-180	51/10000
G001049355	G000214155	0.23011	1.15495e-137	40/10000
G000184435	G000214155	0.233808	1.70499e-126	37/10000
G000455165	G000214155	0.232543	7.03609e-130	38/10000
G000214155	G000240505	0.111429	0	506/10000
G000240505	G000240505	0	0	10000/10000
G000972925	G000240505	0.148938	0	224/10000
G000970885	G000240505	0.156129	0	192/10000
G001021505	G000240505	0.13538	0	300/10000
G001673105	G000240505	0.135844	0	297/10000
G001494595	G000240505	0.208588	4.65765e-229	63/10000
G000230935	G000240505	0.223483	1.91889e-159	46/10000
G001021385	G000240505	0.23011	1.34252e-137	40/10000
G000559085	G000240505	0.214163	6.07492e-200	56/10000
G001426545	G000240505	0.23011	3.16574e-137	40/10000
G000620625	G000240505	0.227796	7.08995e-144	42/10000
G001291445	G000240505	0.211692	4.73869e-212	59/10000
G000613185	G000240505	0.204974	7.80624e-248	68/10000
G001428895	G000240505	0.216771	1.66162e-187	53/10000
G000317305	G000240505	0.222464	7.48578e-166	47/10000
G000015005	G000240505	0.219531	2.55007e-175	50/10000
G001307545	G000240505	0.215016	4.83727e-196	55/10000
G000805385	G000240505	0.216771	4.16727e-188	53/10000
G000455325	G000240505	0.216771	3.12987e-187	53/10000
G000612825	G000240505	0.22559	4.33031e-151	44/10000
G000373905	G000240505	0.23011	6.00216e-140	40/10000
G001570425	G000240505	0.192791	0	88/10000
G000234585	G000240505	0.213325	8.42096e-207	57/10000
G000328565	G000240505	0.221466	2.95701e-167	48/10000
G000230895	G000240505	0.208588	9.91503e-228	63/10000
G000379865	G000240505	0.207842	1.20466e-234	64/10000
G001005175	G000240505	0.215885	4.92325e-194	54/10000
G001583415	G000240505	0.197292	8.70458e-300	80/10000
G001499855	G000240505	0.215016	4.04286e-198	55/10000
G001499915	G000240505	0.192791	0	88/10000
G000015405	G000240505	0.18918	0	95/10000
G000266905	G000240505	0.201619	1.99594e-268	73/10000
G001044245	G000240505	0.217673	4.56001e-185	52/10000
G001044235	G000240505	0.205675	3.04427e-242	67/10000
G000015305	G000240505	0.219531	5.73818e-176	50/10000
G001655245	G000240505	0.216771	3.75159e-188	53/10000
G001049355	G000240505	0.222464	6.68165e-165	47/10000
G000184435	G000240505	0.216771	6.66436e-189	53/10000
G000455165	G000240505	0.196126	6.06151e-306	82/10000
G000214155	G000972925	0.151066	0	214/10000
G000240505	G000972925	0.148938	0	224/10000
G000972925	G000972925	0	0	10000/10000
G000970885	G000972925	0.142367	0	258/10000
G001021505	G000972925	0.121122	0	409/10000
G001673105	G000972925	0.124491	0	380/10000
G001494595	G000972925	0.214163	3.94808e-201	56/10000
G000230935	G000972925	0.224525	9.29075e-156	45/10000
G001021385	G000972925	0.22559	3.60012e-153	44/10000
G000559085	G000972925	0.220489	1.68072e-172	49/10000
G001426545	G000972925	0.22668	6.69115e-149	43/10000
G000620625	G000972925	0.23011	2.05686e-136	40/10000
G001291445	G000972925	0.213325	2.8361e-204	57/10000
G000613185	G000972925	0.212502	7.55213e-208	58/10000
G001428895	G000972925	0.219531	6.54602e-176	50/10000
G000317305	G000972925	0.22668	2.28788e-150	43/10000
G000015005	G000972925	0.227796	1.61012e-144	42/10000
G001307545	G000972925	0.233808	3.35251e-126	37/10000
G000805385	G000972925	0.223483	7.96946e-161	46/10000
G000455325	G000972925	0.217673	1.69702e-183	52/10000
G000612825	G000972925	0.231311	3.17559e-132	39/10000
G000373905	G000972925	0.228939	5.65499e-144	41/10000
G001570425	G000972925	0.219531	4.81007e-175	50/10000
G000234585	G000972925	0.218593	6.47874e-183	51/10000
G000328565	G000972925	0.232543	4.71336e-129	38/10000
G000230895	G000972925	0.22559	7.21956e-153	44/10000
G000379865	G000972925	0.216771	1.90721e-190	53/10000
G001005175	G000972925	0.227796	7.52819e-147	42/10000
G001583415	G000972925	0.207842	3.44319e-234	64/10000
G001499855	G000972925	0.218593	2.4736e-182	51/10000
G001499915	G000972925	0.233808	1.6556e-127	37/10000
G000015405	G000972925	0.216771	2.59019e-188	53/10000
G000266905	G000972925	0.215016	4.20883e-196	55/10000
G001044245	G000972925	0.233808	7.86818e-127	37/10000
G001044235	G000972925	0.220489	3.71469e-171	49/10000
G000015305	G000972925	0.223483	1.57035e-160	46/10000
G001655245	G000972925	0.217673	2.15492e-184	52/10000
G001049355	G000972925	0.232543	2.82541e-130	38/10000
G000184435	G000972925	0.232543	1.4621e-130	38/10000
G000455165	G000972925	0.242205	9.93113e-104	31/10000
G000214155	G000970885	0.157113	0	188/10000
G000240505	G000970885	0.156129	0	192/10000
G000972925	G000970885	0.142367	0	258/10000
G000970885	G000970885	0	0	10000/10000
G001021505	G000970885	0.122485	0	397/10000
G001673105	G000970885	0.130012	0	337/10000
G001494595	G000970885	0.216771	2.11962e-189	53/10000
G000230935	G000970885	0.228939	1.35721e-140	41/10000
G001021385	G000970885	0.23011	6.48022e-138	40/10000
G000559085	G000970885	0.231311	6.05499e-134	39/10000
G001426545	G000970885	0.233808	4.17651e-126	37/10000
G000620625	G000970885	0.248764	3.94884e-88	27/10000
G001291445	G000970885	0.219531	9.09045e-177	50/10000
G000613185	G000970885	0.224525	6.99281e-157	45/10000
G001428895	G000970885	0.216771	6.13542e-188	53/10000
G000317305	G000970885	0.23782	6.48009e-116	34/10000
G000015005	G000970885	0.220489	7.96664e-172	49/10000
G001307545	G000970885	0.228939	1.14345e-141	41/10000
G000805385	G000970885	0.228939	1.17634e-141	41/10000
G000455325	G000970885	0.22668	1.1235e-148	43/10000
G000612825	G000970885	0.232543	1.25252e-128	38/10000
G000373905	G000970885	0.239237	3.21338e-113	33/10000
G001570425	G000970885	0.222464	1.34526e-163	47/10000
G000234585	G000970885	0.233808	3.74835e-128	37/10000
G000328565	G000970885	0.243761	2.73798e-99	30/10000
G000230895	G000970885	0.227796	2.48661e-145	42/10000
G000379865	G000970885	0.228939	2.66431e-143	41/10000
G001005175	G000970885	0.232543	1.59652e-131	38/10000
G001583415	G000970885	0.210897	3.20506e-218	60/10000
G001499855	G000970885	0.235108	6.72693e-124	36/10000
G001499915	G000970885	0.232543	1.6847e-131	38/10000
G000015405	G000970885	0.22559	2.93854e-153	44/10000
G000266905	G000970885	0.223483	6.37281e-161	46/10000
G001044245	G000970885	0.235108	3.61119e-123	36/10000
G001044235	G000970885	0.195553	4.19251e-308	83/10000
G000015305	G000970885	0.22559	5.73379e-153	44/10000
G001655245	G000970885	0.221466	7.04422e-169	48/10000
G001049355	G000970885	0.23782	3.07083e-115	34/10000
G000184435	G000970885	0.223483	1.0571e-161	46/10000
G000455165	G000970885	0.254359	4.17035e-78	24/10000
G000214155	G001021505	0.1413	0	264/10000
G000240505	G001021505	0.13538	0	300/10000
G000972925	G001021505	0.121122	0	409/10000
G000970885	G001021505	0.122485	0	397/10000
G001021505	G001021505	0	0	10000/10000
G001673105	G001021505	0.0872943	0	869/10000
G001494595	G001021505	0.208588	1.90413e-227	63/10000
G000230935	G001021505	0.221466	7.90282e-166	48/10000
G001021385	G001021505	0.218593	5.27685e-179	51/10000
G000559085	G001021505	0.216771	1.2136e-186	53/10000
G001426545	G001021505	0.224525	2.97328e-155	45/10000
G000620625	G001021505	0.22559	2.82748e-150	44/10000
G001291445	G001021505	0.218593	5.96014e-179	51/10000
G000613185	G001021505	0.216771	2.22822e-186	53/10000
G001428895	G001021505	0.207842	1.47698e-229	64/10000
G000317305	G001021505	0.224525	6.77725e-157	45/10000
G000015005	G001021505	0.216771	1.33679e-185	53/10000
G001307545	G001021505	0.224525	1.37084e-155	45/10000
G000805385	G001021505	0.217673	8.93228e-183	52/10000
G000455325	G001021505	0.218593	5.75504e-178	51/10000
G000612825	G001021505	0.215016	3.75282e-192	55/10000
G000373905	G001021505	0.23011	4.9995e-139	40/10000
G001570425	G001021505	0.221466	1.05021e-165	48/10000
G000234585	G001021505	0.223483	7.52579e-162	46/10000
G000328565	G001021505	0.23782	6.55349e-113	34/10000
G000230895	G001021505	0.22668	1.09118e-147	43/10000
G000379865	G001021505	0.222464	2.45827e-165	47/10000
G001005175	G001021505	0.228939	7.94134e-142	41/10000
G001583415	G001021505	0.200976	4.29434e-273	74/10000
G001499855	G001021505	0.218593	6.36014e-181	51/10000
G001499915	G001021505	0.224525	2.74386e-157	45/10000
G000015405	G001021505	0.215885	1.22138e-190	54/10000
G000266905	G001021505	0.216771	1.43659e-186	53/10000
G001044245	G001021505	0.227796	7.76867e-145	42/10000
G001044235	G001021505	0.211692	1.38414e-208	59/10000
G000015305	G001021505	0.224525	2.88895e-155	45/10000
G001655245	G001021505	0.214163	1.47781e-198	56/10000
G001049355	G001021505	0.23782	4.38807e-114	34/10000
G000184435	G001021505	0.215885	1.7398e-191	54/10000
G000455165	G001021505	0.250557	1.70412e-84	26/10000
G000214155	G001673105	0.14183	0	261/10000
G000240505	G001673105	0.135844	0	297/10000
G000972925	G001673105	0.124491	0	380/10000
G000970885	G001673105	0.130012	0	337/10000
G001021505	G001673105	0.0872943	0	869/10000
G001673105	G001673105	0	0	10000/10000
G001494595	G001673105	0.208588	2.29457e-228	63/10000
G000230935	G001673105	0.223483	6.95437e-159	46/10000
G001021385	G001673105	0.222464	3.85543e-164	47/10000
G000559085	G001673105	0.211692	3.18547e-211	59/10000
G001426545	G001673105	0.228939	1.4067e-140	41/10000
G000620625	G001673105	0.233808	1.86403e-124	37/10000
G001291445	G001673105	0.210897	2.27018e-215	60/10000
G000613185	G001673105	0.219531	1.97919e-175	50/10000
G001428895	G001673105	0.207842	1.48099e-230	64/10000
G000317305	G001673105	0.224525	1.55458e-157	45/10000
G000015005	G001673105	0.218593	1.27551e-178	51/10000
G001307545	G001673105	0.221466	6.36582e-168	48/10000
G000805385	G001673105	0.217673	1.4497e-183	52/10000
G000455325	G001673105	0.215885	1.5789e-190	54/10000
G000612825	G001673105	0.218593	1.74479e-177	51/10000
G000373905	G001673105	0.232543	8.22156e-132	38/10000
G001570425	G001673105	0.223483	9.04198e-159	46/10000
G000234585	G001673105	0.213325	3.20461e-206	57/10000
G000328565	G001673105	0.231311	3.19152e-132	39/10000
G000230895	G001673105	0.227796	1.65192e-144	42/10000
G000379865	G001673105	0.218593	8.981e-182	51/10000
G001005175	G001673105	0.227796	2.87071e-146	42/10000
G001583415	G001673105	0.196705	4.36175e-303	81/10000
G001499855	G001673105	0.209345	1.07919e-225	62/10000
G001499915	G001673105	0.222464	9.56821e-166	47/10000
G000015405	G001673105	0.219531	9.86042e-176	50/10000
G000266905	G001673105	0.217673	1.91159e-183	52/10000
G001044245	G001673105	0.23011	9.38205e-138	40/10000
G001044235	G001673105	0.214163	1.04174e-197	56/10000
G000015305	G001673105	0.223483	7.93432e-160	46/10000
G001655245	G001673105	0.222464	4.67458e-164	47/10000
G001049355	G001673105	0.224525	1.3338e-156	45/10000
G000184435	G001673105	0.216771	2.56279e-188	53/10000
G000455165	G001673105	0.240698	5.50086e-107	32/10000
G000214155	G001494595	0.219531	5.68819e-177	50/10000
G000240505	G001494595	0.208588	4.65765e-229	63/10000
G000972925	G001494595	0.214163	3.94808e-201	56/10000
G000970885	G001494595	0.216771	2.11962e-189	53/10000
G001021505	G001494595	0.208588	1.90413e-227	63/10000
G001673105	G001494595	0.208588	2.29457e-228	63/10000
G001494595	G001494595	0	0	10000/10000
G000230935	G001494595	0.166453	0	154/10000
G001021385	G001494595	0.171602	0	138/10000
G000559085	G001494595	0.164079	0	162/10000
G001426545	G001494595	0.208588	3.67597e-224	63/10000
G000620625	G001494595	0.214163	4.87698e-195	56/10000
G001291445	G001494595	0.199716	5.71739e-277	76/10000
G000613185	G001494595	0.190183	0	93/10000
G001428895	G001494595	0.196705	3.94346e-296	81/10000
G000317305	G001494595	0.202933	7.62408e-259	71/10000
G000015005	G001494595	0.202271	4.48161e-259	72/10000
G001307545	G001494595	0.207109	1.27313e-232	65/10000
G000805385	G001494595	0.200342	8.86277e-273	75/10000
G000455325	G001494595	0.198488	1.72931e-283	78/10000
G000612825	G001494595	0.207109	1.46369e-229	65/10000
G000373905	G001494595	0.223483	2.29769e-161	46/10000
G001570425	G001494595	0.214163	3.56387e-195	56/10000
G000234585	G001494595	0.205675	2.58264e-244	67/10000
G000328565	G001494595	0.210114	5.61733e-215	61/10000
G000230895	G001494595	0.214163	9.85965e-197	56/10000
G000379865	G001494595	0.18918	0	95/10000
G001005175	G001494595	0.198488	3.73478e-288	78/10000
G001583415	G001494595	0.173336	0	133/10000
G001499855	G001494595	0.200342	5.43643e-276	75/10000
G001499915	G001494595	0.208588	3.48339e-227	63/10000
G000015405	G001494595	0.194429	1.44951e-313	85/10000
G000266905	G001494595	0.199716	1.22966e-276	76/10000
G001044245	G001494595	0.203604	5.45197e-254	70/10000
G001044235	G001494595	0.196126	1.37314e-298	82/10000
G000015305	G001494595	0.200342	3.13195e-272	75/10000
G001655245	G001494595	0.196705	2.99988e-297	81/10000
G001049355	G001494595	0.200342	2.08045e-273	75/10000
G000184435	G001494595	0.200976	5.48086e-270	74/10000
G000455165	G001494595	0.201619	5.23297e-265	73/10000
G000214155	G000230935	0.22559	1.3911e-151	44/10000
G000240505	G000230935	0.223483	1.91889e-159	46/10000
G000972925	G000230935	0.224525	9.29075e-156	45/10000
G000970885	G000230935	0.228939	1.35721e-140	41/10000
G001021505	G000230935	0.221466	7.90282e-166	48/10000
G001673105	G000230935	0.223483	6.95437e-159	46/10000
G001494595	G000230935	0.166453	0	154/10000
G000230935	G000230935	0	0	10000/10000
G001021385	G000230935	0.144769	0	245/10000
G000559085	G000230935	0.141653	0	262/10000
G001426545	G000230935	0.219531	1.23493e-170	50/10000
G000620625	G000230935	0.213325	9.48892e-196	57/10000
G001291445	G000230935	0.210897	8.30868e-210	60/10000
G000613185	G000230935	0.202271	1.85112e-256	72/10000
G001428895	G000230935	0.213325	3.43365e-197	57/10000
G000317305	G000230935	0.214163	4.27965e-196	56/10000
G000015005	G000230935	0.208588	7.51497e-220	63/10000
G001307545	G000230935	0.216771	1.38163e-182	53/10000
G000805385	G000230935	0.210114	1.37791e-213	61/10000
G000455325	G000230935	0.200976	2.20642e-263	74/10000
G000612825	G000230935	0.215016	2.31316e-187	55/10000
G000373905	G000230935	0.215885	1.48624e-190	54/10000
G001570425	G000230935	0.217673	8.45621e-177	52/10000
G000234585	G000230935	0.218593	4.65556e-178	51/10000
G000328565	G000230935	0.211692	6.79759e-204	59/10000
G000230895	G000230935	0.215016	5.69064e-190	55/10000
G000379865	G000230935	0.207109	1.31389e-232	65/10000
G001005175	G000230935	0.213325	1.23402e-200	57/10000
G001583415	G000230935	0.193877	1.57122e-316	86/10000
G001499855	G000230935	0.209345	1.81311e-220	62/10000
G001499915	G000230935	0.204284	3.49873e-248	69/10000
G000015405	G000230935	0.205675	3.53276e-237	67/10000
G000266905	G000230935	0.193331	4.70253e-317	87/10000
G001044245	G000230935	0.207109	1.0414e-230	65/10000
G001044235	G000230935	0.198488	4.32217e-278	78/10000
G000015305	G000230935	0.201619	2.34064e-260	73/10000
G001655245	G000230935	0.210897	9.49281e-210	60/10000
G001049355	G000230935	0.210114	3.66421e-214	61/10000
G000184435	G000230935	0.204974	2.11698e-242	68/10000
G000455165	G000230935	0.215016	1.53437e-190	55/10000
G000214155	G001021385	0.231311	1.205e-133	39/10000
G000240505	G001021385	0.23011	1.34252e-137	40/10000
G000972925	G001021385	0.22559	3.60012e-153	44/10000
G000970885	G001021385	0.23011	6.48022e-138	40/10000
G001021505	G001021385	0.218593	5.27685e-179	51/10000
G001673105	G001021385	0.222464	3.85543e-164	47/10000
G001494595	G001021385	0.171602	0	138/10000
G000230935	G001021385	0.144769	0	245/10000
G001021385	G001021385	0	0	10000/10000
G000559085	G001021385	0.121912	0	402/10000
G001426545	G001021385	0.210114	3.2927e-215	61/10000
G000620625	G001021385	0.212502	8.93269e-202	58/10000
G001291445	G001021385	0.207842	1.13813e-227	64/10000
G000613185	G001021385	0.207109	4.38927e-231	65/10000
G001428895	G001021385	0.197886	1.20602e-286	79/10000
G000317305	G001021385	0.209345	1.21846e-221	62/10000
G000015005	G001021385	0.217673	2.51758e-179	52/10000
G001307545	G001021385	0.213325	5.30265e-200	57/10000
G000805385	G001021385	0.215885	2.8048e-188	54/10000
G000455325	G001021385	0.208588	2.3153e-222	63/10000
G000612825	G001021385	0.223483	3.39168e-155	46/10000
G000373905	G001021385	0.235108	2.62418e-122	36/10000
G001570425	G001021385	0.207842	2.27814e-225	64/10000
G000234585	G001021385	0.213325	2.85515e-203	57/10000
G000328565	G001021385	0.205675	1.73406e-237	67/10000
G000230895	G001021385	0.216771	4.00859e-184	53/10000
G000379865	G001021385	0.207109	1.3117e-234	65/10000
G001005175	G001021385	0.210114	2.72706e-218	61/10000
G001583415	G001021385	0.195553	6.72364e-307	83/10000
G001499855	G001021385	0.203604	1.4903e-254	70/10000
G001499915	G001021385	0.208588	3.14856e-226	63/10000
G000015405	G001021385	0.202933	1.80421e-255	71/10000
G000266905	G001021385	0.194988	8.13537e-308	84/10000
G001044245	G001021385	0.201619	5.72613e-265	73/10000
G001044235	G001021385	0.196126	4.11564e-297	82/10000
G000015305	G001021385	0.202271	6.52335e-259	72/10000
G001655245	G001021385	0.198488	9.98474e-284	78/10000
G001049355	G001021385	0.207842	4.16914e-228	64/10000
G000184435	G001021385	0.204974	1.19425e-244	68/10000
G000455165	G001021385	0.213325	3.09349e-200	57/10000
G000214155	G000559085	0.218593	5.25389e-180	51/10000
G000240505	G000559085	0.214163	6.07492e-200	56/10000
G000972925	G000559085	0.220489	1.68072e-172	49/10000
G000970885	G000559085	0.231311	6.05499e-134	39/10000
G001021505	G000559085	0.216771	1.2136e-186	53/10000
G001673105	G000559085	0.211692	3.18547e-211	59/10000
G001494595	G000559085	0.164079	0	162/10000
G000230935	G000559085	0.141653	0	262/10000
G001021385	G000559085	0.121912	0	402/10000
G000559085	G000559085	0	0	10000/10000
G001426545	G000559085	0.209345	6.99535e-219	62/10000
G000620625	G000559085	0.209345	4.38073e-217	62/10000
G001291445	G000559085	0.205675	2.58177e-239	67/10000
G000613185	G000559085	0.208588	6.65197e-223	63/10000
G001428895	G000559085	0.205675	2.77854e-238	67/10000
G000317305	G000559085	0.216771	6.70274e-186	53/10000
G000015005	G000559085	0.210897	4.10414e-210	60/10000
G001307545	G000559085	0.213325	9.19084e-200	57/10000
G000805385	G000559085	0.216771	3.59189e-184	53/10000
G000455325	G000559085	0.204974	7.8852e-242	68/10000
G000612825	G000559085	0.222464	9.44453e-159	47/10000
G000373905	G000559085	0.228939	3.12065e-141	41/10000
G001570425	G000559085	0.211692	1.52013e-205	59/10000
G000234585	G000559085	0.210897	5.38726e-215	60/10000
G000328565	G000559085	0.211692	8.18172e-206	59/10000
G000230895	G000559085	0.204284	8.42937e-247	69/10000
G000379865	G000559085	0.207109	2.3016e-234	65/10000
G001005175	G000559085	0.206387	4.75492e-238	66/10000
G001583415	G000559085	0.196126	1.79054e-302	82/10000
G001499855	G000559085	0.202933	2.47062e-258	71/10000
G001499915	G000559085	0.216771	2.06324e-186	53/10000
G000015405	G000559085	0.188686	0	96/10000
G000266905	G000559085	0.203604	5.80109e-251	70/10000
G001044245	G000559085	0.196126	3.09754e-301	82/10000
G001044235	G000559085	0.187235	0	99/10000
G000015305	G000559085	0.187235	0	99/10000
G001655245	G000559085	0.198488	2.11699e-283	78/10000
G001049355	G000559085	0.200976	7.70353e-268	74/10000
G000184435	G000559085	0.182699	0	109/10000
G000455165	G000559085	0.194429	3.78392e-312	85/10000
G000214155	G001426545	0.232543	1.77897e-129	38/10000
G000240505	G001426545	0.23011	3.16574e-137	40/10000
G000972925	G001426545	0.22668	6.69115e-149	43/10000
G000970885	G001426545	0.233808	4.17651e-126	37/10000
G001021505	G001426545	0.224525	2.97328e-155	45/10000
G001673105	G001426545	0.228939	1.4067e-140	41/10000
G001494595	G001426545	0.208588	3.67597e-224	63/10000
G000230935	G001426545	0.219531	1.23493e-170	50/10000
G001021385	G001426545	0.210114	3.2927e-215	61/10000
G000559085	G001426545	0.209345	6.99535e-219	62/10000
G001426545	G001426545	0	0	10000/10000
G000620625	G001426545	0.195553	6.32592e-300	83/10000
G001291445	G001426545	0.207842	5.74288e-227	64/10000
G000613185	G001426545	0.200976	3.52307e-266	74/10000
G001428895	G001426545	0.198488	1.01676e-281	78/10000
G000317305	G001426545	0.204974	5.90976e-245	68/10000
G000015005	G001426545	0.204974	4.19375e-241	68/10000
G001307545	G001426545	0.218593	4.19279e-176	51/10000
G000805385	G001426545	0.215016	1.4505e-191	55/10000
G000455325	G001426545	0.219531	3.09108e-171	50/10000
G000612825	G001426545	0.216771	3.69732e-181	53/10000
G000373905	G001426545	0.227796	7.83748e-145	42/10000
G001570425	G001426545	0.219531	1.73321e-170	50/10000
G000234585	G001426545	0.22559	6.27134e-152	44/10000
G000328565	G001426545	0.221466	4.15418e-163	48/10000
G000230895	G001426545	0.211692	7.31162e-207	59/10000
G000379865	G001426545	0.207842	5.80106e-230	64/10000
G001005175	G001426545	0.206387	1.21788e-237	66/10000
G001583415	G001426545	0.199098	1.51314e-281	77/10000
G001499855	G001426545	0.212502	6.74547e-206	58/10000
G001499915	G001426545	0.216771	4.39648e-186	53/10000
G000015405	G001426545	0.200342	1.0059e-270	75/10000
G000266905	G001426545	0.205675	1.51556e-238	67/10000
G001044245	G001426545	0.196126	1.06056e-300	82/10000
G001044235	G001426545	0.191731	0	90/10000
G000015305	G001426545	0.200976	4.17755e-266	74/10000
G001655245	G001426545	0.200976	9.27319e-267	74/10000
G001049355	G001426545	0.211692	1.06733e-207	59/10000
G000184435	G001426545	0.202933	6.03355e-256	71/10000
G000455165	G001426545	0.22668	9.66722e-146	43/10000
G000214155	G000620625	0.23782	1.50173e-113	34/10000
G000240505	G000620625	0.227796	7.08995e-144	42/10000
G000972925	G000620625	0.23011	2.05686e-136	40/10000
G000970885	G000620625	0.248764	3.94884e-88	27/10000
G001021505	G000620625	0.22559	2.82748e-150	44/10000
G001673105	G000620625	0.233808	1.86403e-124	37/10000
G001494595	G000620625	0.214163	4.87698e-195	56/10000
G000230935	G000620625	0.213325	9.48892e-196	57/10000
G001021385	G000620625	0.212502	8.93269e-202	58/10000
G000559085	G000620625	0.209345	4.38073e-217	62/10000
G001426545	G000620625	0.195553	6.32592e-300	83/10000
G000620625	G000620625	0	0	10000/10000
G001291445	G000620625	0.205675	6.2435e-237	67/10000
G000613185	G000620625	0.200342	5.4827e-268	75/10000
G001428895	G000620625	0.200976	1.85051e-263	74/10000
G000317305	G000620625	0.215016	6.44021e-192	55/10000
G000015005	G000620625	0.206387	3.43672e-231	66/10000
G001307545	G000620625	0.218593	1.24483e-174	51/10000
G000805385	G000620625	0.219531	8.61892e-171	50/10000
G000455325	G000620625	0.214163	1.22616e-192	56/10000
G000612825	G000620625	0.213325	1.20243e-194	57/10000
G000373905	G000620625	0.220489	8.88442e-171	49/10000
G001570425	G000620625	0.211692	2.96666e-203	59/10000
G000234585	G000620625	0.214163	2.3367e-197	56/10000
G000328565	G000620625	0.217673	9.46974e-177	52/10000
G000230895	G000620625	0.207109	1.48133e-228	65/10000
G000379865	G000620625	0.211692	1.57612e-208	59/10000
G001005175	G000620625	0.205675	6.59296e-240	67/10000
G001583415	G000620625	0.196705	1.02254e-295	81/10000
G001499855	G000620625	0.207842	4.2804e-228	64/10000
G001499915	G000620625	0.210114	4.81054e-216	61/10000
G000015405	G000620625	0.197886	1.42825e-284	79/10000
G000266905	G000620625	0.202933	2.08663e-252	71/10000
G001044245	G000620625	0.206387	2.50302e-234	66/10000
G001044235	G000620625	0.198488	1.25299e-277	78/10000
G000015305	G000620625	0.214163	2.27427e-193	56/10000
G001655245	G000620625	0.202933	1.08335e-252	71/10000
G001049355	G000620625	0.213325	2.99861e-198	57/10000
G000184435	G000620625	0.207109	3.59629e-230	65/10000
G000455165	G000620625	0.208588	2.21223e-221	63/10000
G000214155	G001291445	0.219531	3.28903e-176	50/10000
G000240505	G001291445	0.211692	4.73869e-212	59/10000
G000972925	G001291445	0.213325	2.8361e-204	57/10000
G000970885	G001291445	0.219531	9.09045e-177	50/10000
G001021505	G001291445	0.218593	5.96014e-179	51/10000
G001673105	G001291445	0.210897	2.27018e-215	60/10000
G001494595	G001291445	0.199716	5.71739e-277	76/10000
G000230935	G001291445	0.210897	8.30868e-210	60/10000
G001021385	G001291445	0.207842	1.13813e-227	64/10000
G000559085	G001291445	0.205675	2.58177e-239	67/10000
G001426545	G001291445	0.207842	5.74288e-227	64/10000
G000620625	G001291445	0.205675	6.2435e-237	67/10000
G001291445	G001291445	0	0	10000/10000
G000613185	G001291445	0.190693	0	92/10000
G001428895	G001291445	0.200976	2.01124e-266	74/10000
G000317305	G001291445	0.202271	1.0404e-261	72/10000
G000015005	G001291445	0.201619	1.02621e-261	73/10000
G001307545	G001291445	0.198488	1.38072e-283	78/10000
G000805385	G001291445	0.192791	4.94066e-324	88/10000
G000455325	G001291445	0.191209	0	91/10000
G000612825	G001291445	0.193877	6.50648e-312	86/10000
G000373905	G001291445	0.207842	4.80053e-232	64/10000
G001570425	G001291445	0.190693	0	92/10000
G000234585	G001291445	0.214163	3.01051e-199	56/10000
G000328565	G001291445	0.216771	9.21009e-183	53/10000
G000230895	G001291445	0.207842	3.79002e-227	64/10000
G000379865	G001291445	0.204284	1.17064e-250	69/10000
G001005175	G001291445	0.210114	3.15843e-218	61/10000
G001583415	G001291445	0.188197	0	97/10000
G001499855	G001291445	0.215885	1.27433e-190	54/10000
G001499915	G001291445	0.207842	3.66336e-230	64/10000
G000015405	G001291445	0.205675	2.07085e-239	67/10000
G000266905	G001291445	0.213325	9.15987e-200	57/10000
G001044245	G001291445	0.207842	8.70593e-229	64/10000
G001044235	G001291445	0.18918	0	95/10000
G000015305	G001291445	0.207842	5.48782e-227	64/10000
G001655245	G001291445	0.202933	1.94135e-255	71/10000
G001049355	G001291445	0.210897	3.29954e-212	60/10000
G000184435	G001291445	0.200976	1.01699e-268	74/10000
G000455165	G001291445	0.209345	7.65099e-220	62/10000
G000214155	G000613185	0.22559	1.66877e-152	44/10000
G000240505	G000613185	0.204974	7.80624e-248	68/10000
G000972925	G000613185	0.212502	7.55213e-208	58/10000
G000970885	G000613185	0.224525	6.99281e-157	45/10000
G001021505	G000613185	0.216771	2.22822e-186	53/10000
G001673105	G000613185	0.219531	1.97919e-175	50/10000
G001494595	G000613185	0.190183	0	93/10000
G000230935	G000613185	0.202271	1.85112e-256	72/10000
G001021385	G000613185	0.207109	4.38927e-231	65/10000
G000559085	G000613185	0.208588	6.65197e-223	63/10000
G001426545	G000613185	0.200976	3.52307e-266	74/10000
G000620625	G000613185	0.200342	5.4827e-268	75/10000
G001291445	G000613185	0.190693	0	92/10000
G000613185	G000613185	0	0	10000/10000
G001428895	G000613185	0.175878	0	126/10000
G000317305	G000613185	0.183572	0	107/10000
G000015005	G000613185	0.194429	2.66038e-309	85/10000
G001307545	G000613185	0.189679	0	94/10000
G000805385	G000613185	0.198488	6.88758e-283	78/10000
G000455325	G000613185	0.192791	8.59674e-322	88/10000
G000612825	G000613185	0.186292	0	101/10000
G000373905	G000613185	0.204974	9.78786e-248	68/10000
G001570425	G000613185	0.184912	0	104/10000
G000234585	G000613185	0.206387	9.82548e-239	66/10000
G000328565	G000613185	0.209345	3.70235e-217	62/10000
G000230895	G000613185	0.202271	2.20718e-258	72/10000
G000379865	G000613185	0.196705	5.7286e-299	81/10000
G001005175	G000613185	0.206387	1.01982e-237	66/10000
G001583415	G000613185	0.184912	0	104/10000
G001499855	G000613185	0.204974	7.08363e-246	68/10000
G001499915	G000613185	0.197292	2.1148e-294	80/10000
G000015405	G000613185	0.185827	0	102/10000
G000266905	G000613185	0.192258	0	89/10000
G001044245	G000613185	0.192791	0	88/10000
G001044235	G000613185	0.176252	0	125/10000
G000015305	G000613185	0.18918	0	95/10000
G001655245	G000613185	0.192791	9.88131e-324	88/10000
G001049355	G000613185	0.201619	2.046e-263	73/10000
G000184435	G000613185	0.192258	0	89/10000
G000455165	G000613185	0.202271	4.36465e-259	72/10000
G000214155	G001428895	0.228939	9.96282e-141	41/10000
G000240505	G001428895	0.216771	1.66162e-187	53/10000
G000972925	G001428895	0.219531	6.54602e-176	50/10000
G000970885	G001428895	0.216771	6.13542e-188	53/10000
G001021505	G001428895	0.207842	1.47698e-229	64/10000
G001673105	G001428895	0.207842	1.48099e-230	64/10000
G001494595	G001428895	0.196705	3.94346e-296	81/10000
G000230935	G001428895	0.213325	3.43365e-197	57/10000
G001021385	G001428895	0.197886	1.20602e-286	79/10000
G000559085	G001428895	0.205675	2.77854e-238	67/10000
G001426545	G001428895	0.198488	1.01676e-281	78/10000
G000620625	G001428895	0.200976	1.85051e-263	74/10000
G001291445	G001428895	0.200976	2.01124e-266	74/10000
G000613185	G001428895	0.175878	0	126/10000
G001428895	G001428895	0	0	10000/10000
G000317305	G001428895	0.164955	0	159/10000
G000015005	G001428895	0.194429	1.07868e-308	85/10000
G001307545	G001428895	0.203604	2.58737e-250	70/10000
G000805385	G001428895	0.201619	2.85786e-262	73/10000
G000455325	G001428895	0.202933	7.74098e-253	71/10000
G000612825	G001428895	0.198488	2.08619e-278	78/10000
G000373905	G001428895	0.209345	3.46299e-223	62/10000
G001570425	G001428895	0.206387	4.65031e-232	66/10000
G000234585	G001428895	0.214163	1.6978e-198	56/10000
G000328565	G001428895	0.218593	3.07674e-174	51/10000
G000230895	G001428895	0.212502	1.23996e-202	58/10000
G000379865	G001428895	0.198488	3.29253e-286	78/10000
G001005175	G001428895	0.212502	1.67361e-205	58/10000
G001583415	G001428895	0.186761	0	100/10000
G001499855	G001428895	0.202933	1.51585e-257	71/10000
G001499915	G001428895	0.211692	2.07199e-209	59/10000
G000015405	G001428895	0.194988	1.11812e-306	84/10000
G000266905	G001428895	0.207842	2.57481e-226	64/10000
G001044245	G001428895	0.202933	8.7932e-256	71/10000
G001044235	G001428895	0.18918	0	95/10000
G000015305	G001428895	0.192791	2.96439e-322	88/10000
G001655245	G001428895	0.193331	5.85749e-319	87/10000
G001049355	G001428895	0.200342	5.73596e-271	75/10000
G000184435	G001428895	0.200976	1.25319e-267	74/10000
G000455165	G001428895	0.208588	7.68348e-223	63/10000
G000214155	G000317305	0.23011	1.76877e-138	40/10000
G000240505	G000317305	0.222464	7.48578e-166	47/10000
G000972925	G000317305	0.22668	2.28788e-150	43/10000
G000970885	G000317305	0.23782	6.48009e-116	34/10000
G001021505	G000317305	0.224525	6.77725e-157	45/10000
G001673105	G000317305	0.224525	1.55458e-157	45/10000
G001494595	G000317305	0.202933	7.62408e-259	71/10000
G000230935	G000317305	0.214163	4.27965e-196	56/10000
G001021385	G000317305	0.209345	1.21846e-221	62/10000
G000559085	G000317305	0.216771	6.70274e-186	53/10000
G001426545	G000317305	0.204974	5.90976e-245	68/10000
G000620625	G000317305	0.215016	6.44021e-192	55/10000
G001291445	G000317305	0.202271	1.0404e-261	72/10000
G000613185	G000317305	0.183572	0	107/10000
G001428895	G000317305	0.164955	0	159/10000
G000317305	G000317305	0	0	10000/10000
G000015005	G000317305	0.199098	3.15952e-280	77/10000
G001307545	G000317305	0.204974	1.76477e-245	68/10000
G000805385	G000317305	0.190693	0	92/10000
G000455325	G000317305	0.192791	0	88/10000
G000612825	G000317305	0.199098	2.20572e-278	77/10000
G000373905	G000317305	0.210114	1.43253e-221	61/10000
G001570425	G000317305	0.210897	1.28685e-211	60/10000
G000234585	G000317305	0.219531	5.72618e-177	50/10000
G000328565	G000317305	0.217673	1.28702e-180	52/10000
G000230895	G000317305	0.216771	1.05464e-185	53/10000
G000379865	G000317305	0.215016	3.0132e-196	55/10000
G001005175	G000317305	0.217673	3.98411e-184	52/10000
G001583415	G000317305	0.197292	9.08073e-297	80/10000
G001499855	G000317305	0.207842	4.23064e-232	64/10000
G001499915	G000317305	0.214163	6.37483e-200	56/10000
G000015405	G000317305	0.203604	1.58334e-253	70/10000
G000266905	G000317305	0.207109	2.86174e-233	65/10000
G001044245	G000317305	0.195553	5.3951e-308	83/10000
G001044235	G000317305	0.192258	0	89/10000
G000015305	G000317305	0.204974	5.65012e-245	68/10000
G001655245	G000317305	0.204284	1.52256e-249	69/10000
G001049355	G000317305	0.201619	3.19035e-266	73/10000
G000184435	G000317305	0.198488	3.12585e-287	78/10000
G000455165	G000317305	0.215016	5.06007e-194	55/10000
G000214155	G000015005	0.221466	2.3204e-167	48/10000
G000240505	G000015005	0.219531	2.55007e-175	50/10000
G000972925	G000015005	0.227796	1.61012e-144	42/10000
G000970885	G000015005	0.220489	7.96664e-172	49/10000
G001021505	G000015005	0.216771	1.33679e-185	53/10000
G001673105	G000015005	0.218593	1.27551e-178	51/10000
G001494595	G000015005	0.202271	4.48161e-259	72/10000
G000230935	G000015005	0.208588	7.51497e-220	63/10000
G001021385	G000015005	0.217673	2.51758e-179	52/10000
G000559085	G000015005	0.210897	4.10414e-210	60/10000
G001426545	G000015005	0.204974	4.19375e-241	68/10000
G000620625	G000015005	0.206387	3.43672e-231	66/10000
G001291445	G000015005	0.201619	1.02621e-261	73/10000
G000613185	G000015005	0.194429	2.66038e-309	85/10000
G001428895	G000015005	0.194429	1.07868e-308	85/10000
G000317305	G000015005	0.199098	3.15952e-280	77/10000
G000015005	G000015005	0	0	10000/10000
G001307545	G000015005	0.176252	0	125/10000
G000805385	G000015005	0.182269	0	110/10000
G000455325	G000015005	0.174048	0	131/10000
G000612825	G000015005	0.172288	0	136/10000
G000373905	G000015005	0.194988	3.62228e-312	84/10000
G001570425	G000015005	0.184461	0	105/10000
G000234585	G000015005	0.202271	5.67486e-262	72/10000
G000328565	G000015005	0.212502	1.47405e-200	58/10000
G000230895	G000015005	0.201619	3.57911e-261	73/10000
G000379865	G000015005	0.192258	0	89/10000
G001005175	G000015005	0.198488	3.95565e-285	78/10000
G001583415	G000015005	0.171263	0	139/10000
G001499855	G000015005	0.203604	6.61114e-253	70/10000
G001499915	G000015005	0.204284	1.05718e-248	69/10000
G000015405	G000015005	0.191731	0	90/10000
G000266905	G000015005	0.204974	1.74726e-241	68/10000
G001044245	G000015005	0.196126	1.6035e-299	82/10000
G001044235	G000015005	0.187713	0	98/10000
G000015305	G000015005	0.191731	0	90/10000
G001655245	G000015005	0.192258	0	89/10000
G001049355	G000015005	0.197886	2.29584e-286	79/10000
G000184435	G000015005	0.191209	0	91/10000
G000455165	G000015005	0.211692	1.47014e-206	59/10000
G000214155	G001307545	0.235108	3.69395e-122	36/10000
G000240505	G001307545	0.215016	4.83727e-196	55/10000
G000972925	G001307545	0.233808	3.35251e-126	37/10000
G000970885	G001307545	0.228939	1.14345e-141	41/10000
G001021505	G001307545	0.224525	1.37084e-155	45/10000
G001673105	G001307545	0.221466	6.36582e-168	48/10000
G001494595	G001307545	0.207109	1.27313e-232	65/10000
G000230935	G001307545	0.216771	1.38163e-182	53/10000
G001021385	G001307545	0.213325	5.30265e-200	57/10000
G000559085	G001307545	0.213325	9.19084e-200	57/10000
G001426545	G001307545	0.218593	4.19279e-176	51/10000
G000620625	G001307545	0.218593	1.24483e-174	51/10000
G001291445	G001307545	0.198488	1.38072e-283	78/10000
G000613185	G001307545	0.189679	0	94/10000
G001428895	G001307545	0.203604	2.58737e-250	70/10000
G000317305	G001307545	0.204974	1.76477e-245	68/10000
G000015005	G001307545	0.176252	0	125/10000
G001307545	G001307545	0	0	10000/10000
G000805385	G001307545	0.12723	0	358/10000
G000455325	G001307545	0.117269	0	445/10000
G000612825	G001307545	0.159146	0	180/10000
G000373905	G001307545	0.180587	0	114/10000
G001570425	G001307545	0.167376	0	151/10000
G000234585	G001307545	0.213325	3.89676e-203	57/10000
G000328565	G001307545	0.215885	1.58403e-186	54/10000
G000230895	G001307545	0.211692	2.32795e-207	59/10000
G000379865	G001307545	0.210897	1.83333e-214	60/10000
G001005175	G001307545	0.202271	2.37476e-262	72/10000
G001583415	G001307545	0.197292	2.17131e-294	80/10000
G001499855	G001307545	0.210114	2.98196e-218	61/10000
G001499915	G001307545	0.203604	3.33073e-254	70/10000
G000015405	G001307545	0.200342	2.39136e-271	75/10000
G000266905	G001307545	0.204974	4.35372e-243	68/10000
G001044245	G001307545	0.203604	1.07771e-252	70/10000
G001044235	G001307545	0.199098	9.01939e-277	77/10000
G000015305	G001307545	0.193331	2.10462e-319	87/10000
G001655245	G001307545	0.195553	8.06814e-304	83/10000
G001049355	G001307545	0.216771	1.02722e-184	53/10000
G000184435	G001307545	0.203604	1.71036e-252	70/10000
G000455165	G001307545	0.212502	5.30961e-204	58/10000
G000214155	G000805385	0.22668	6.84461e-149	43/10000
G000240505	G000805385	0.216771	4.16727e-188	53/10000
G000972925	G000805385	0.223483	7.96946e-161	46/10000
G000970885	G000805385	0.228939	1.17634e-141	41/10000
G001021505	G000805385	0.217673	8.93228e-183	52/10000
G001673105	G000805385	0.217673	1.4497e-183	52/10000
G001494595	G000805385	0.200342	8.86277e-273	75/10000
G000230935	G000805385	0.210114	1.37791e-213	61/10000
G001021385	G000805385	0.215885	2.8048e-188	54/10000
G000559085	G000805385	0.216771	3.59189e-184	53/10000
G001426545	G000805385	0.215016	1.4505e-191	55/10000
G000620625	G000805385	0.219531	8.61892e-171	50/10000
G001291445	G000805385	0.192791	4.94066e-324	88/10000
G000613185	G000805385	0.198488	6.88758e-283	78/10000
G001428895	G000805385	0.201619	2.85786e-262	73/10000
G000317305	G000805385	0.190693	0	92/10000
G000015005	G000805385	0.182269	0	110/10000
G001307545	G000805385	0.12723	0	358/10000
G000805385	G000805385	0	0	10000/10000
G000455325	G000805385	0.111789	0	502/10000
G000612825	G000805385	0.17663	0	124/10000
G000373905	G000805385	0.183134	0	108/10000
G001570425	G000805385	0.183572	0	107/10000
G000234585	G000805385	0.204974	3.40588e-247	68/10000
G000328565	G000805385	0.223483	6.33153e-156	46/10000
G000230895	G000805385	0.213325	1.6306e-199	57/10000
G000379865	G000805385	0.204974	1.67477e-246	68/10000
G001005175	G000805385	0.199098	1.13976e-282	77/10000
G001583415	G000805385	0.189679	0	94/10000
G001499855	G000805385	0.204284	2.55499e-250	69/10000
G001499915	G000805385	0.206387	4.55005e-238	66/10000
G000015405	G000805385	0.200342	2.54552e-271	75/10000
G000266905	G000805385	0.207109	3.84141e-231	65/10000
G001044245	G000805385	0.215885	3.17633e-189	54/10000
G001044235	G000805385	0.204284	7.00504e-245	69/10000
G000015305	G000805385	0.198488	8.21537e-283	78/10000
G001655245	G000805385	0.202933	2.65358e-255	71/10000
G001049355	G000805385	0.207842	6.49506e-228	64/10000
G000184435	G000805385	0.199098	9.9087e-281	77/10000
G000455165	G000805385	0.215016	2.99393e-192	55/10000
G000214155	G000455325	0.22559	5.07354e-152	44/10000
G000240505	G000455325	0.216771	3.12987e-187	53/10000
G000972925	G000455325	0.217673	1.69702e-183	52/10000
G000970885	G000455325	0.22668	1.1235e-148	43/10000
G001021505	G000455325	0.218593	5.75504e-178	51/10000
G001673105	G000455325	0.215885	1.5789e-190	54/10000
G001494595	G000455325	0.198488	1.72931e-283	78/10000
G000230935	G000455325	0.200976	2.20642e-263	74/10000
G001021385	G000455325	0.208588	2.3153e-222	63/10000
G000559085	G000455325	0.204974	7.8852e-242	68/10000
G001426545	G000455325	0.219531	3.09108e-171	50/10000
G000620625	G000455325	0.214163	1.22616e-192	56/10000
G001291445	G000455325	0.191209	0	91/10000
G000613185	G000455325	0.192791	8.59674e-322	88/10000
G001428895	G000455325	0.202933	7.74098e-253	71/10000
G000317305	G000455325	0.192791	0	88/10000
G000015005	G000455325	0.174048	0	131/10000
G001307545	G000455325	0.117269	0	445/10000
G000805385	G000455325	0.111789	0	502/10000
G000455325	G000455325	0	0	10000/10000
G000612825	G000455325	0.167376	0	151/10000
G000373905	G000455325	0.183134	0	108/10000
G001570425	G000455325	0.157865	0	185/10000
G000234585	G000455325	0.204284	4.63431e-250	69/10000
G000328565	G000455325	0.215885	2.27653e-185	54/10000
G000230895	G000455325	0.209345	6.7534e-218	62/10000
G000379865	G000455325	0.203604	2.34739e-253	70/10000
G001005175	G000455325	0.205675	6.01375e-241	67/10000
G001583415	G000455325	0.188686	0	96/10000
G001499855	G000455325	0.197292	1.12324e-293	80/10000
G001499915	G000455325	0.204974	6.6498e-245	68/10000
G000015405	G000455325	0.192791	1.97626e-322	88/10000
G000266905	G000455325	0.204284	1.0954e-245	69/10000
G001044245	G000455325	0.197886	1.31716e-287	79/10000
G001044235	G000455325	0.190693	0	92/10000
G000015305	G000455325	0.196705	2.47914e-293	81/10000
G001655245	G000455325	0.200976	6.72904e-266	74/10000
G001049355	G000455325	0.198488	1.35573e-282	78/10000
G000184435	G000455325	0.192258	0	89/10000
G000455165	G000455325	0.211692	9.24907e-207	59/10000
G000214155	G000612825	0.243761	1.90165e-98	30/10000
G000240505	G000612825	0.22559	4.33031e-151	44/10000
G000972925	G000612825	0.231311	3.17559e-132	39/10000
G000970885	G000612825	0.232543	1.25252e-128	38/10000
G001021505	G000612825	0.215016	3.75282e-192	55/10000
G001673105	G000612825	0.218593	1.74479e-177	51/10000
G001494595	G000612825	0.207109	1.46369e-229	65/10000
G000230935	G000612825	0.215016	2.31316e-187	55/10000
G001021385	G000612825	0.223483	3.39168e-155	46/10000
G000559085	G000612825	0.222464	9.44453e-159	47/10000
G001426545	G000612825	0.216771	3.69732e-181	53/10000
G000620625	G000612825	0.213325	1.20243e-194	57/10000
G001291445	G000612825	0.193877	6.50648e-312	86/10000
G000613185	G000612825	0.186292	0	101/10000
G001428895	G000612825	0.198488	2.08619e-278	78/10000
G000317305	G000612825	0.199098	2.20572e-278	77/10000
G000015005	G000612825	0.172288	0	136/10000
G001307545	G000612825	0.159146	0	180/10000
G000805385	G000612825	0.17663	0	124/10000
G000455325	G000612825	0.167376	0	151/10000
G000612825	G000612825	0	0	10000/10000
G000373905	G000612825	0.175506	0	127/10000
G001570425	G000612825	0.161547	0	171/10000
G000234585	G000612825	0.207842	2.41163e-228	64/10000
G000328565	G000612825	0.207109	5.94197e-226	65/10000
G000230895	G000612825	0.215016	5.45684e-189	55/10000
G000379865	G000612825	0.216771	1.86019e-184	53/10000
G001005175	G000612825	0.200342	3.35138e-271	75/10000
G001583415	G000612825	0.199098	1.19734e-278	77/10000
G001499855	G000612825	0.207109	2.31084e-231	65/10000
G001499915	G000612825	0.210114	2.23829e-215	61/10000
G000015405	G000612825	0.204284	7.13216e-244	69/10000
G000266905	G000612825	0.204284	1.2109e-243	69/10000
G001044245	G000612825	0.207842	1.10171e-225	64/10000
G001044235	G000612825	0.194429	1.96794e-304	85/10000
G000015305	G000612825	0.200342	5.63163e-267	75/10000
G001655245	G000612825	0.204284	6.28879e-244	69/10000
G001049355	G000612825	0.206387	1.07282e-232	66/10000
G000184435	G000612825	0.202933	3.74136e-253	71/10000
G000455165	G000612825	0.198488	5.63099e-280	78/10000
G000214155	G000373905	0.248764	2.58203e-90	27/10000
G000240505	G000373905	0.23011	6.00216e-140	40/10000
G000972925	G000373905	0.228939	5.65499e-144	41/10000
G000970885	G000373905	0.239237	3.21338e-113	33/10000
G001021505	G000373905	0.23011	4.9995e-139	40/10000
G001673105	G000373905	0.232543	8.22156e-132	38/10000
G001494595	G000373905	0.223483	2.29769e-161	46/10000
G000230935	G000373905	0.215885	1.48624e-190	54/10000
G001021385	G000373905	0.235108	2.62418e-122	36/10000
G000559085	G000373905	0.228939	3.12065e-141	41/10000
G001426545	G000373905	0.227796	7.83748e-145	42/10000
G000620625	G000373905	0.220489	8.88442e-171	49/10000
G001291445	G000373905	0.207842	4.80053e-232	64/10000
G000613185	G000373905	0.204974	9.78786e-248	68/10000
G001428895	G000373905	0.209345	3.46299e-223	62/10000
G000317305	G000373905	0.210114	1.43253e-221	61/10000
G000015005	G000373905	0.194988	3.62228e-312	84/10000
G001307545	G000373905	0.180587	0	114/10000
G000805385	G000373905	0.183134	0	108/10000
G000455325	G000373905	0.183134	0	108/10000
G000612825	G000373905	0.175506	0	127/10000
G000373905	G000373905	0	0	10000/10000
G001570425	G000373905	0.14043	0	269/10000
G000234585	G000373905	0.22559	5.05781e-155	44/10000
G000328565	G000373905	0.208588	2.4799e-226	63/10000
G000230895	G000373905	0.227796	6.21648e-145	42/10000
G000379865	G000373905	0.216771	3.34707e-190	53/10000
G001005175	G000373905	0.209345	3.65293e-226	62/10000
G001583415	G000373905	0.193877	0	86/10000
G001499855	G000373905	0.217673	4.51181e-186	52/10000
G001499915	G000373905	0.222464	3.53551e-166	47/10000
G000015405	G000373905	0.210114	6.79904e-220	61/10000
G000266905	G000373905	0.212502	9.52227e-208	58/10000
G001044245	G000373905	0.214163	6.74947e-201	56/10000
G001044235	G000373905	0.206387	4.02586e-238	66/10000
G000015305	G000373905	0.220489	5.55714e-172	49/10000
G001655245	G000373905	0.206387	4.48786e-240	66/10000
G001049355	G000373905	0.215885	2.18348e-192	54/10000
G000184435	G000373905	0.216771	7.8844e-189	53/10000
G000455165	G000373905	0.221466	1.43082e-168	48/10000
G000214155	G001570425	0.232543	1.24786e-128	38/10000
G000240505	G001570425	0.192791	0	88/10000
G000972925	G001570425	0.219531	4.81007e-175	50/10000
G000970885	G001570425	0.222464	1.34526e-163	47/10000
G001021505	G001570425	0.221466	1.05021e-165	48/10000
G001673105	G001570425	0.223483	9.04198e-159	46/10000
G001494595	G001570425	0.214163	3.56387e-195	56/10000
G000230935	G001570425	0.217673	8.45621e-177	52/10000
G001021385	G001570425	0.207842	2.27814e-225	64/10000
G000559085	G001570425	0.211692	1.52013e-205	59/10000
G001426545	G001570425	0.219531	1.73321e-170	50/10000
G000620625	G001570425	0.211692	2.96666e-203	59/10000
G001291445	G001570425	0.190693	0	92/10000
G000613185	G001570425	0.184912	0	104/10000
G001428895	G001570425	0.206387	4.65031e-232	66/10000
G000317305	G001570425	0.210897	1.28685e-211	60/10000
G000015005	G001570425	0.184461	0	105/10000
G001307545	G001570425	0.167376	0	151/10000
G000805385	G001570425	0.183572	0	107/10000
G000455325	G001570425	0.157865	0	185/10000
G000612825	G001570425	0.161547	0	171/10000
G000373905	G001570425	0.14043	0	269/10000
G001570425	G001570425	0	0	10000/10000
G000234585	G001570425	0.212502	2.34051e-205	58/10000
G000328565	G001570425	0.216771	1.06137e-180	53/10000
G000230895	G001570425	0.200342	2.6232e-268	75/10000
G000379865	G001570425	0.203604	1.92788e-252	70/10000
G001005175	G001570425	0.208588	3.7878e-224	63/10000
G001583415	G001570425	0.192791	0	88/10000
G001499855	G001570425	0.212502	1.58777e-204	58/10000
G001499915	G001570425	0.183572	0	107/10000
G000015405	G001570425	0.181002	0	113/10000
G000266905	G001570425	0.197292	1.55154e-288	80/10000
G001044245	G001570425	0.202271	2.2774e-258	72/10000
G001044235	G001570425	0.193877	8.1998e-310	86/10000
G000015305	G001570425	0.204284	2.70687e-244	69/10000
G001655245	G001570425	0.203604	6.64123e-249	70/10000
G001049355	G001570425	0.217673	4.57094e-179	52/10000
G000184435	G001570425	0.202933	3.73882e-254	71/10000
G000455165	G001570425	0.185827	0	102/10000
G000214155	G000234585	0.215885	1.39323e-194	54/10000
G000240505	G000234585	0.213325	8.42096e-207	57/10000
G000972925	G000234585	0.218593	6.47874e-183	51/10000
G000970885	G000234585	0.233808	3.74835e-128	37/10000
G001021505	G000234585	0.223483	7.52579e-162	46/10000
G001673105	G000234585	0.213325	3.20461e-206	57/10000
G001494595	G000234585	0.205675	2.58264e-244	67/10000
G000230935	G000234585	0.218593	4.65556e-178	51/10000
G001021385	G000234585	0.213325	2.85515e-203	57/10000
G000559085	G000234585	0.210897	5.38726e-215	60/10000
G001426545	G000234585	0.22559	6.27134e-152	44/10000
G000620625	G000234585	0.214163	2.3367e-197	56/10000
G001291445	G000234585	0.214163	3.01051e-199	56/10000
G000613185	G000234585	0.206387	9.82548e-239	66/10000
G001428895	G000234585	0.214163	1.6978e-198	56/10000
G000317305	G000234585	0.219531	5.72618e-177	50/10000
G000015005	G000234585	0.202271	5.67486e-262	72/10000
G001307545	G000234585	0.213325	3.89676e-203	57/10000
G000805385	G000234585	0.204974	3.40588e-247	68/10000
G000455325	G000234585	0.204284	4.63431e-250	69/10000
G000612825	G000234585	0.207842	2.41163e-228	64/10000
G000373905	G000234585	0.22559	5.05781e-155	44/10000
G001570425	G000234585	0.212502	2.34051e-205	58/10000
G000234585	G000234585	0	0	10000/10000
G000328565	G000234585	0.217673	4.97495e-182	52/10000
G000230895	G000234585	0.213325	7.3174e-203	57/10000
G000379865	G000234585	0.169604	0	144/10000
G001005175	G000234585	0.189679	0	94/10000
G001583415	G000234585	0.169604	0	144/10000
G001499855	G000234585	0.191209	0	91/10000
G001499915	G000234585	0.197886	5.59621e-295	79/10000
G000015405	G000234585	0.196705	2.68201e-300	81/10000
G000266905	G000234585	0.213325	5.51476e-203	57/10000
G001044245	G000234585	0.210114	3.77657e-220	61/10000
G001044235	G000234585	0.191209	0	91/10000
G000015305	G000234585	0.207109	1.17505e-234	65/10000
G001655245	G000234585	0.202271	1.74397e-263	72/10000
G001049355	G000234585	0.209345	1.59113e-223	62/10000
G000184435	G000234585	0.201619	1.2569e-268	73/10000
G000455165	G000234585	0.219531	9.795e-176	50/10000
G000214155	G000328565	0.231311	1.4654e-132	39/10000
G000240505	G000328565	0.221466	2.95701e-167	48/10000
G000972925	G000328565	0.232543	4.71336e-129	38/10000
G000970885	G000328565	0.243761	2.73798e-99	30/10000
G001021505	G000328565	0.23782	6.55349e-113	34/10000
G001673105	G000328565	0.231311	3.19152e-132	39/10000
G001494595	G000328565	0.210114	5.61733e-215	61/10000
G000230935	G000328565	0.211692	6.79759e-204	59/10000
G001021385	G000328565	0.205675	1.73406e-237	67/10000
G000559085	G000328565	0.211692	8.18172e-206	59/10000
G001426545	G000328565	0.221466	4.15418e-163	48/10000
G000620625	G000328565	0.217673	9.46974e-177	52/10000
G001291445	G000328565	0.216771	9.21009e-183	53/10000
G000613185	G000328565	0.209345	3.70235e-217	62/10000
G001428895	G000328565	0.218593	3.07674e-174	51/10000
G000317305	G000328565	0.217673	1.28702e-180	52/10000
G000015005	G000328565	0.212502	1.47405e-200	58/10000
G001307545	G000328565	0.215885	1.58403e-186	54/10000
G000805385	G000328565	0.223483	6.33153e-156	46/10000
G000455325	G000328565	0.215885	2.27653e-185	54/10000
G000612825	G000328565	0.207109	5.94197e-226	65/10000
G000373905	G000328565	0.208588	2.4799e-226	63/10000
G001570425	G000328565	0.216771	1.06137e-180	53/10000
G000234585	G000328565	0.217673	4.97495e-182	52/10000
G000328565	G000328565	0	0	10000/10000
G000230895	G000328565	0.18918	0	95/10000
G000379865	G000328565	0.202271	8.91417e-261	72/10000
G001005175	G000328565	0.186761	0	100/10000
G001583415	G000328565	0.190693	0	92/10000
G001499855	G000328565	0.195553	3.38891e-305	83/10000
G001499915	G000328565	0.198488	1.34174e-284	78/10000
G000015405	G000328565	0.200342	4.32719e-269	75/10000
G000266905	G000328565	0.207842	2.89539e-225	64/10000
G001044245	G000328565	0.202933	1.11259e-254	71/10000
G001044235	G000328565	0.177011	0	123/10000
G000015305	G000328565	0.199098	1.92131e-276	77/10000
G001655245	G000328565	0.194988	2.26133e-305	84/10000
G001049355	G000328565	0.207109	5.43428e-230	65/10000
G000184435	G000328565	0.202933	1.83539e-254	71/10000
G000455165	G000328565	0.211692	3.61199e-206	59/10000
G000214155	G000230895	0.232543	1.44123e-129	38/10000
G000240505	G000230895	0.208588	9.91503e-228	63/10000
G000972925	G000230895	0.22559	7.21956e-153	44/10000
G000970885	G000230895	0.227796	2.48661e-145	42/10000
G001021505	G000230895	0.22668	1.09118e-147	43/10000
G001673105	G000230895	0.227796	1.65192e-144	42/10000
G001494595	G000230895	0.214163	9.85965e-197	56/10000
G000230935	G000230895	0.215016	5.69064e-190	55/10000
G001021385	G000230895	0.216771	4.00859e-184	53/10000
G000559085	G000230895	0.204284	8.42937e-247	69/10000
G001426545	G000230895	0.211692	7.31162e-207	59/10000
G000620625	G000230895	0.207109	1.48133e-228	65/10000
G001291445	G000230895	0.207842	3.79002e-227	64/10000
G000613185	G000230895	0.202271	2.20718e-258	72/10000
G001428895	G000230895	0.212502	1.23996e-202	58/10000
G000317305	G000230895	0.216771	1.05464e-185	53/10000
G000015005	G000230895	0.201619	3.57911e-261	73/10000
G001307545	G000230895	0.211692	2.32795e-207	59/10000
G000805385	G000230895	0.213325	1.6306e-199	57/10000
G000455325	G000230895	0.209345	6.7534e-218	62/10000
G000612825	G000230895	0.215016	5.45684e-189	55/10000
G000373905	G000230895	0.227796	6.21648e-145	42/10000
G001570425	G000230895	0.200342	2.6232e-268	75/10000
G000234585	G000230895	0.213325	7.3174e-203	57/10000
G000328565	G000230895	0.18918	0	95/10000
G000230895	G000230895	0	0	10000/10000
G000379865	G000230895	0.195553	2.66063e-307	83/10000
G001005175	G000230895	0.186761	0	100/10000
G001583415	G000230895	0.188686	0	96/10000
G001499855	G000230895	0.184461	0	105/10000
G001499915	G000230895	0.180587	0	114/10000
G000015405	G000230895	0.188197	0	97/10000
G000266905	G000230895	0.192258	0	89/10000
G001044245	G000230895	0.213325	1.05981e-200	57/10000
G001044235	G000230895	0.178567	0	119/10000
G000015305	G000230895	0.181421	0	112/10000
G001655245	G000230895	0.198488	4.33916e-283	78/10000
G001049355	G000230895	0.209345	1.11555e-219	62/10000
G000184435	G000230895	0.190183	0	93/10000
G000455165	G000230895	0.196126	1.37679e-299	82/10000
G000214155	G000379865	0.211692	3.44375e-214	59/10000
G000240505	G000379865	0.207842	1.20466e-234	64/10000
G000972925	G000379865	0.216771	1.90721e-190	53/10000
G000970885	G000379865	0.228939	2.66431e-143	41/10000
G001021505	G000379865	0.222464	2.45827e-165	47/10000
G001673105	G000379865	0.218593	8.981e-182	51/10000
G001494595	G000379865	0.18918	0	95/10000
G000230935	G000379865	0.207109	1.31389e-232	65/10000
G001021385	G000379865	0.207109	1.3117e-234	65/10000
G000559085	G000379865	0.207109	2.3016e-234	65/10000
G001426545	G000379865	0.207842	5.80106e-230	64/10000
G000620625	G000379865	0.211692	1.57612e-208	59/10000
G001291445	G000379865	0.204284	1.17064e-250	69/10000
G000613185	G000379865	0.196705	5.7286e-299	81/10000
G001428895	G000379865	0.198488	3.29253e-286	78/10000
G000317305	G000379865	0.215016	3.0132e-196	55/10000
G000015005	G000379865	0.192258	0	89/10000
G001307545	G000379865	0.210897	1.83333e-214	60/10000
G000805385	G000379865	0.204974	1.67477e-246	68/10000
G000455325	G000379865	0.203604	2.34739e-253	70/10000
G000612825	G000379865	0.216771	1.86019e-184	53/10000
G000373905	G000379865	0.216771	3.34707e-190	53/10000
G001570425	G000379865	0.203604	1.92788e-252	70/10000
G000234585	G000379865	0.169604	0	144/10000
G000328565	G000379865	0.202271	8.91417e-261	72/10000
G000230895	G000379865	0.195553	2.66063e-307	83/10000
G000379865	G000379865	0	0	10000/10000
G001005175	G000379865	0.171602	0	138/10000
G001583415	G000379865	0.150417	0	217/10000
G001499855	G000379865	0.184461	0	105/10000
G001499915	G000379865	0.192791	0	88/10000
G000015405	G000379865	0.192791	0	88/10000
G000266905	G000379865	0.196126	2.27722e-303	82/10000
G001044245	G000379865	0.197292	8.001e-297	80/10000
G001044235	G000379865	0.184912	0	104/10000
G000015305	G000379865	0.194988	3.13256e-311	84/10000
G001655245	G000379865	0.182699	0	109/10000
G001049355	G000379865	0.192791	0	88/10000
G000184435	G000379865	0.197292	1.28687e-296	80/10000
G000455165	G000379865	0.202933	6.4234e-259	71/10000
G000214155	G001005175	0.211692	6.20469e-214	59/10000
G000240505	G001005175	0.215885	4.92325e-194	54/10000
G000972925	G001005175	0.227796	7.52819e-147	42/10000
G000970885	G001005175	0.232543	1.59652e-131	38/10000
G001021505	G001005175	0.228939	7.94134e-142	41/10000
G001673105	G001005175	0.227796	2.87071e-146	42/10000
G001494595	G001005175	0.198488	3.73478e-288	78/10000
G000230935	G001005175	0.213325	1.23402e-200	57/10000
G001021385	G001005175	0.210114	2.72706e-218	61/10000
G000559085	G001005175	0.206387	4.75492e-238	66/10000
G001426545	G001005175	0.206387	1.21788e-237	66/10000
G000620625	G001005175	0.205675	6.59296e-240	67/10000
G001291445	G001005175	0.210114	3.15843e-218	61/10000
G000613185	G001005175	0.206387	1.01982e-237	66/10000
G001428895	G001005175	0.212502	1.67361e-205	58/10000
G000317305	G001005175	0.217673	3.98411e-184	52/10000
G000015005	G001005175	0.198488	3.95565e-285	78/10000
G001307545	G001005175	0.202271	2.37476e-262	72/10000
G000805385	G001005175	0.199098	1.13976e-282	77/10000
G000455325	G001005175	0.205675	6.01375e-241	67/10000
G000612825	G001005175	0.200342	3.35138e-271	75/10000
G000373905	G001005175	0.209345	3.65293e-226	62/10000
G001570425	G001005175	0.208588	3.7878e-224	63/10000
G000234585	G001005175	0.189679	0	94/10000
G000328565	G001005175	0.186761	0	100/10000
G000230895	G001005175	0.186761	0	100/10000
G000379865	G001005175	0.171602	0	138/10000
G001005175	G001005175	0	0	10000/10000
G001583415	G001005175	0.163504	0	164/10000
G001499855	G001005175	0.161822	0	170/10000
G001499915	G001005175	0.165251	0	158/10000
G000015405	G001005175	0.186761	0	100/10000
G000266905	G001005175	0.200342	2.4671e-274	75/10000
G001044245	G001005175	0.199716	5.20292e-280	76/10000
G001044235	G001005175	0.185367	0	103/10000
G000015305	G001005175	0.187713	0	98/10000
G001655245	G001005175	0.185827	0	102/10000
G001049355	G001005175	0.199098	2.77879e-283	77/10000
G000184435	G001005175	0.198488	5.2063e-288	78/10000
G000455165	G001005175	0.202933	1.44722e-258	71/10000
G000214155	G001583415	0.207109	7.67038e-238	65/10000
G000240505	G001583415	0.197292	8.70458e-300	80/10000
G000972925	G001583415	0.207842	3.44319e-234	64/10000
G000970885	G001583415	0.210897	3.20506e-218	60/10000
G001021505	G001583415	0.200976	4.29434e-273	74/10000
G001673105	G001583415	0.196705	4.36175e-303	81/10000
G001494595	G001583415	0.173336	0	133/10000
G000230935	G001583415	0.193877	1.57122e-316	86/10000
G001021385	G001583415	0.195553	6.72364e-307	83/10000
G000559085	G001583415	0.196126	1.79054e-302	82/10000
G001426545	G001583415	0.199098	1.51314e-281	77/10000
G000620625	G001583415	0.196705	1.02254e-295	81/10000
G001291445	G001583415	0.188197	0	97/10000
G000613185	G001583415	0.184912	0	104/10000
G001428895	G001583415	0.186761	0	100/10000
G000317305	G001583415	0.197292	9.08073e-297	80/10000
G000015005	G001583415	0.171263	0	139/10000
G001307545	G001583415	0.197292	2.17131e-294	80/10000
G000805385	G001583415	0.189679	0	94/10000
G000455325	G001583415	0.188686	0	96/10000
G000612825	G001583415	0.199098	1.19734e-278	77/10000
G000373905	G001583415	0.193877	0	86/10000
G001570425	G001583415	0.192791	0	88/10000
G000234585	G001583415	0.169604	0	144/10000
G000328565	G001583415	0.190693	0	92/10000
G000230895	G001583415	0.188686	0	96/10000
G000379865	G001583415	0.150417	0	217/10000
G001005175	G001583415	0.163504	0	164/10000
G001583415	G001583415	0	0	10000/10000
G001499855	G001583415	0.167067	0	152/10000
G001499915	G001583415	0.166759	0	153/10000
G000015405	G001583415	0.17663	0	124/10000
G000266905	G001583415	0.176252	0	125/10000
G001044245	G001583415	0.182269	0	110/10000
G001044235	G001583415	0.17026	0	142/10000
G000015305	G001583415	0.173691	0	132/10000
G001655245	G001583415	0.171263	0	139/10000
G001049355	G001583415	0.182269	0	110/10000
G000184435	G001583415	0.182269	0	110/10000
G000455165	G001583415	0.194988	4.01164e-311	84/10000
G000214155	G001499855	0.223483	2.84373e-162	46/10000
G000240505	G001499855	0.215016	4.04286e-198	55/10000
G000972925	G001499855	0.218593	2.4736e-182	51/10000
G000970885	G001499855	0.235108	6.72693e-124	36/10000
G001021505	G001499855	0.218593	6.36014e-181	51/10000
G001673105	G001499855	0.209345	1.07919e-225	62/10000
G001494595	G001499855	0.200342	5.43643e-276	75/10000
G000230935	G001499855	0.209345	1.81311e-220	62/10000
G001021385	G001499855	0.203604	1.4903e-254	70/10000
G000559085	G001499855	0.202933	2.47062e-258	71/10000
G001426545	G001499855	0.212502	6.74547e-206	58/10000
G000620625	G001499855	0.207842	4.2804e-228	64/10000
G001291445	G001499855	0.215885	1.27433e-190	54/10000
G000613185	G001499855	0.204974	7.08363e-246	68/10000
G001428895	G001499855	0.202933	1.51585e-257	71/10000
G000317305	G001499855	0.207842	4.23064e-232	64/10000
G000015005	G001499855	0.203604	6.61114e-253	70/10000
G001307545	G001499855	0.210114	2.98196e-218	61/10000
G000805385	G001499855	0.204284	2.55499e-250	69/10000
G000455325	G001499855	0.197292	1.12324e-293	80/10000
G000612825	G001499855	0.207109	2.31084e-231	65/10000
G000373905	G001499855	0.217673	4.51181e-186	52/10000
G001570425	G001499855	0.212502	1.58777e-204	58/10000
G000234585	G001499855	0.191209	0	91/10000
G000328565	G001499855	0.195553	3.38891e-305	83/10000
G000230895	G001499855	0.184461	0	105/10000
G000379865	G001499855	0.184461	0	105/10000
G001005175	G001499855	0.161822	0	170/10000
G001583415	G001499855	0.167067	0	152/10000
G001499855	G001499855	0	0	10000/10000
G001499915	G001499855	0.142009	0	260/10000
G000015405	G001499855	0.185827	0	102/10000
G000266905	G001499855	0.196126	4.17776e-303	82/10000
G001044245	G001499855	0.201619	7.0914e-268	73/10000
G001044235	G001499855	0.192258	0	89/10000
G000015305	G001499855	0.190693	0	92/10000
G001655245	G001499855	0.200342	1.01363e-274	75/10000
G001049355	G001499855	0.202933	5.72712e-259	71/10000
G000184435	G001499855	0.190693	0	92/10000
G000455165	G001499855	0.192791	0	88/10000
G000214155	G001499915	0.22559	2.40862e-154	44/10000
G000240505	G001499915	0.192791	0	88/10000
G000972925	G001499915	0.233808	1.6556e-127	37/10000
G000970885	G001499915	0.232543	1.6847e-131	38/10000
G001021505	G001499915	0.224525	2.74386e-157	45/10000
G001673105	G001499915	0.222464	9.56821e-166	47/10000
G001494595	G001499915	0.208588	3.48339e-227	63/10000
G000230935	G001499915	0.204284	3.49873e-248	69/10000
G001021385	G001499915	0.208588	3.14856e-226	63/10000
G000559085	G001499915	0.216771	2.06324e-186	53/10000
G001426545	G001499915	0.216771	4.39648e-186	53/10000
G000620625	G001499915	0.210114	4.81054e-216	61/10000
G001291445	G001499915	0.207842	3.66336e-230	64/10000
G000613185	G001499915	0.197292	2.1148e-294	80/10000
G001428895	G001499915	0.211692	2.07199e-209	59/10000
G000317305	G001499915	0.214163	6.37483e-200	56/10000
G000015005	G001499915	0.204284	1.05718e-248	69/10000
G001307545	G001499915	0.203604	3.33073e-254	70/10000
G000805385	G001499915	0.206387	4.55005e-238	66/10000
G000455325	G001499915	0.204974	6.6498e-245	68/10000
G000612825	G001499915	0.210114	2.23829e-215	61/10000
G000373905	G001499915	0.222464	3.53551e-166	47/10000
G001570425	G001499915	0.183572	0	107/10000
G000234585	G001499915	0.197886	5.59621e-295	79/10000
G000328565	G001499915	0.198488	1.34174e-284	78/10000
G000230895	G001499915	0.180587	0	114/10000
G000379865	G001499915	0.192791	0	88/10000
G001005175	G001499915	0.165251	0	158/10000
G001583415	G001499915	0.166759	0	153/10000
G001499855	G001499915	0.142009	0	260/10000
G001499915	G001499915	0	0	10000/10000
G000015405	G001499915	0.172984	0	134/10000
G000266905	G001499915	0.191209	0	91/10000
G001044245	G001499915	0.199098	4.69058e-284	77/10000
G001044235	G001499915	0.196126	1.4456e-300	82/10000
G000015305	G001499915	0.195553	1.24918e-306	83/10000
G001655245	G001499915	0.190693	0	92/10000
G001049355	G001499915	0.201619	6.51061e-267	73/10000
G000184435	G001499915	0.199716	9.28707e-280	76/10000
G000455165	G001499915	0.177782	0	121/10000
G000214155	G000015405	0.218593	4.55147e-180	51/10000
G000240505	G000015405	0.18918	0	95/10000
G000972925	G000015405	0.216771	2.59019e-188	53/10000
G000970885	G000015405	0.22559	2.93854e-153	44/10000
G001021505	G000015405	0.215885	1.22138e-190	54/10000
G001673105	G000015405	0.219531	9.86042e-176	50/10000
G001494595	G000015405	0.194429	1.44951e-313	85/10000
G000230935	G000015405	0.205675	3.53276e-237	67/10000
G001021385	G000015405	0.202933	1.80421e-255	71/10000
G000559085	G000015405	0.188686	0	96/10000
G001426545	G000015405	0.200342	1.0059e-270	75/10000
G000620625	G000015405	0.197886	1.42825e-284	79/10000
G001291445	G000015405	0.205675	2.07085e-239	67/10000
G000613185	G000015405	0.185827	0	102/10000
G001428895	G000015405	0.194988	1.11812e-306	84/10000
G000317305	G000015405	0.203604	1.58334e-253	70/10000
G000015005	G000015405	0.191731	0	90/10000
G001307545	G000015405	0.200342	2.39136e-271	75/10000
G000805385	G000015405	0.200342	2.54552e-271	75/10000
G000455325	G000015405	0.192791	1.97626e-322	88/10000
G000612825	G000015405	0.204284	7.13216e-244	69/10000
G000373905	G000015405	0.210114	6.79904e-220	61/10000
G001570425	G000015405	0.181002	0	113/10000
G000234585	G000015405	0.196705	2.68201e-300	81/10000
G000328565	G000015405	0.200342	4.32719e-269	75/10000
G000230895	G000015405	0.188197	0	97/10000
G000379865	G000015405	0.192791	0	88/10000
G001005175	G000015405	0.186761	0	100/10000
G001583415	G000015405	0.17663	0	124/10000
G001499855	G000015405	0.185827	0	102/10000
G001499915	G000015405	0.172984	0	134/10000
G000015405	G000015405	0	0	10000/10000
G000266905	G000015405	0.174771	0	129/10000
G001044245	G000015405	0.174048	0	131/10000
G001044235	G000015405	0.152169	0	209/10000
G000015305	G000015405	0.154457	0	199/10000
G001655245	G000015405	0.177011	0	123/10000
G001049355	G000015405	0.194429	1.24016e-312	85/10000
G000184435	G000015405	0.151725	0	211/10000
G000455165	G000015405	0.172984	0	134/10000
G000214155	G000266905	0.224525	1.59368e-156	45/10000
G000240505	G000266905	0.201619	1.99594e-268	73/10000
G000972925	G000266905	0.215016	4.20883e-196	55/10000
G000970885	G000266905	0.223483	6.37281e-161	46/10000
G001021505	G000266905	0.216771	1.43659e-186	53/10000
G001673105	G000266905	0.217673	1.91159e-183	52/10000
G001494595	G000266905	0.199716	1.22966e-276	76/10000
G000230935	G000266905	0.193331	4.70253e-317	87/10000
G001021385	G000266905	0.194988	8.13537e-308	84/10000
G000559085	G000266905	0.203604	5.80109e-251	70/10000
G001426545	G000266905	0.205675	1.51556e-238	67/10000
G000620625	G000266905	0.202933	2.08663e-252	71/10000
G001291445	G000266905	0.213325	9.15987e-200	57/10000
G000613185	G000266905	0.192258	0	89/10000
G001428895	G000266905	0.207842	2.57481e-226	64/10000
G000317305	G000266905	0.207109	2.86174e-233	65/10000
G000015005	G000266905	0.204974	1.74726e-241	68/10000
G001307545	G000266905	0.204974	4.35372e-243	68/10000
G000805385	G000266905	0.207109	3.84141e-231	65/10000
G000455325	G000266905	0.204284	1.0954e-245	69/10000
G000612825	G000266905	0.204284	1.2109e-243	69/10000
G000373905	G000266905	0.212502	9.52227e-208	58/10000
G001570425	G000266905	0.197292	1.55154e-288	80/10000
G000234585	G000266905	0.213325	5.51476e-203	57/10000
G000328565	G000266905	0.207842	2.89539e-225	64/10000
G000230895	G000266905	0.192258	0	89/10000
G000379865	G000266905	0.196126	2.27722e-303	82/10000
G001005175	G000266905	0.200342	2.4671e-274	75/10000
G001583415	G000266905	0.176252	0	125/10000
G001499855	G000266905	0.196126	4.17776e-303	82/10000
G001499915	G000266905	0.191209	0	91/10000
G000015405	G000266905	0.174771	0	129/10000
G000266905	G000266905	0	0	10000/10000
G001044245	G000266905	0.170926	0	140/10000
G001044235	G000266905	0.1413	0	264/10000
G000015305	G000266905	0.169604	0	144/10000
G001655245	G000266905	0.172984	0	134/10000
G001049355	G000266905	0.177782	0	121/10000
G000184435	G000266905	0.174771	0	129/10000
G000455165	G000266905	0.182269	0	110/10000
G000214155	G001044245	0.228939	6.44244e-142	41/10000
G000240505	G001044245	0.217673	4.56001e-185	52/10000
G000972925	G001044245	0.233808	7.86818e-127	37/10000
G000970885	G001044245	0.235108	3.61119e-123	36/10000
G001021505	G001044245	0.227796	7.76867e-145	42/10000
G001673105	G001044245	0.23011	9.38205e-138	40/10000
G001494595	G001044245	0.203604	5.45197e-254	70/10000
G000230935	G001044245	0.207109	1.0414e-230	65/10000
G001021385	G001044245	0.201619	5.72613e-265	73/10000
G000559085	G001044245	0.196126	3.09754e-301	82/10000
G001426545	G001044245	0.196126	1.06056e-300	82/10000
G000620625	G001044245	0.206387	2.50302e-234	66/10000
G001291445	G001044245	0.207842	8.70593e-229	64/10000
G000613185	G001044245	0.192791	0	88/10000
G001428895	G001044245	0.202933	8.7932e-256	71/10000
G000317305	G001044245	0.195553	5.3951e-308	83/10000
G000015005	G001044245	0.196126	1.6035e-299	82/10000
G001307545	G001044245	0.203604	1.07771e-252	70/10000
G000805385	G001044245	0.215885	3.17633e-189	54/10000
G000455325	G001044245	0.197886	1.31716e-287	79/10000
G000612825	G001044245	0.207842	1.10171e-225	64/10000
G000373905	G001044245	0.214163	6.74947e-201	56/10000
G001570425	G001044245	0.202271	2.2774e-258	72/10000
G000234585	G001044245	0.210114	3.77657e-220	61/10000
G000328565	G001044245	0.202933	1.11259e-254	71/10000
G000230895	G001044245	0.213325	1.05981e-200	57/10000
G000379865	G001044245	0.197292	8.001e-297	80/10000
G001005175	G001044245	0.199716	5.20292e-280	76/10000
G001583415	G001044245	0.182269	0	110/10000
G001499855	G001044245	0.201619	7.0914e-268	73/10000
G001499915	G001044245	0.199098	4.69058e-284	77/10000
G000015405	G001044245	0.174048	0	131/10000
G000266905	G001044245	0.170926	0	140/10000
G001044245	G001044245	0	0	10000/10000
G001044235	G001044245	0.140603	0	268/10000
G000015305	G001044245	0.175137	0	128/10000
G001655245	G001044245	0.178173	0	120/10000
G001049355	G001044245	0.181843	0	111/10000
G000184435	G001044245	0.165251	0	158/10000
G000455165	G001044245	0.178567	0	119/10000
G000214155	G001044235	0.214163	3.37451e-198	56/10000
G000240505	G001044235	0.205675	3.04427e-242	67/10000
G000972925	G001044235	0.220489	3.71469e-171	49/10000
G000970885	G001044235	0.195553	4.19251e-308	83/10000
G001021505	G001044235	0.211692	1.38414e-208	59/10000
G001673105	G001044235	0.214163	1.04174e-197	56/10000
G001494595	G001044235	0.196126	1.37314e-298	82/10000
G000230935	G001044235	0.198488	4.32217e-278	78/10000
G001021385	G001044235	0.196126	4.11564e-297	82/10000
G000559085	G001044235	0.187235	0	99/10000
G001426545	G001044235	0.191731	0	90/10000
G000620625	G001044235	0.198488	1.25299e-277	78/10000
G001291445	G001044235	0.18918	0	95/10000
G000613185	G001044235	0.176252	0	125/10000
G001428895	G001044235	0.18918	0	95/10000
G000317305	G001044235	0.192258	0	89/10000
G000015005	G001044235	0.187713	0	98/10000
G001307545	G001044235	0.199098	9.01939e-277	77/10000
G000805385	G001044235	0.204284	7.00504e-245	69/10000
G000455325	G001044235	0.190693	0	92/10000
G000612825	G001044235	0.194429	1.96794e-304	85/10000
G000373905	G001044235	0.206387	4.02586e-238	66/10000
G001570425	G001044235	0.193877	8.1998e-310	86/10000
G000234585	G001044235	0.191209	0	91/10000
G000328565	G001044235	0.177011	0	123/10000
G000230895	G001044235	0.178567	0	119/10000
G000379865	G001044235	0.184912	0	104/10000
G001005175	G001044235	0.185367	0	103/10000
G001583415	G001044235	0.17026	0	142/10000
G001499855	G001044235	0.192258	0	89/10000
G001499915	G001044235	0.196126	1.4456e-300	82/10000
G000015405	G001044235	0.152169	0	209/10000
G000266905	G001044235	0.1413	0	264/10000
G001044245	G001044235	0.140603	0	268/10000
G001044235	G001044235	0	0	10000/10000
G000015305	G001044235	0.150633	0	216/10000
G001655245	G001044235	0.160733	0	174/10000
G001049355	G001044235	0.170926	0	140/10000
G000184435	G001044235	0.138738	0	279/10000
G000455165	G001044235	0.172635	0	135/10000
G000214155	G000015305	0.222464	4.29443e-164	47/10000
G000240505	G000015305	0.219531	5.73818e-176	50/10000
G000972925	G000015305	0.223483	1.57035e-160	46/10000
G000970885	G000015305	0.22559	5.73379e-153	44/10000
G001021505	G000015305	0.224525	2.88895e-155	45/10000
G001673105	G000015305	0.223483	7.93432e-160	46/10000
G001494595	G000015305	0.200342	3.13195e-272	75/10000
G000230935	G000015305	0.201619	2.34064e-260	73/10000
G001021385	G000015305	0.202271	6.52335e-259	72/10000
G000559085	G000015305	0.187235	0	99/10000
G001426545	G000015305	0.200976	4.17755e-266	74/10000
G000620625	G000015305	0.214163	2.27427e-193	56/10000
G001291445	G000015305	0.207842	5.48782e-227	64/10000
G000613185	G000015305	0.18918	0	95/10000
G001428895	G000015305	0.192791	2.96439e-322	88/10000
G000317305	G000015305	0.204974	5.65012e-245	68/10000
G000015005	G000015305	0.191731	0	90/10000
G001307545	G000015305	0.193331	2.10462e-319	87/10000
G000805385	G000015305	0.198488	8.21537e-283	78/10000
G000455325	G000015305	0.196705	2.47914e-293	81/10000
G000612825	G000015305	0.200342	5.63163e-267	75/10000
G000373905	G000015305	0.220489	5.55714e-172	49/10000
G001570425	G000015305	0.204284	2.70687e-244	69/10000
G000234585	G000015305	0.207109	1.17505e-234	65/10000
G000328565	G000015305	0.199098	1.92131e-276	77/10000
G000230895	G000015305	0.181421	0	112/10000
G000379865	G000015305	0.194988	3.13256e-311	84/10000
G001005175	G000015305	0.187713	0	98/10000
G001583415	G000015305	0.173691	0	132/10000
G001499855	G000015305	0.190693	0	92/10000
G001499915	G000015305	0.195553	1.24918e-306	83/10000
G000015405	G000015305	0.154457	0	199/10000
G000266905	G000015305	0.169604	0	144/10000
G001044245	G000015305	0.175137	0	128/10000
G001044235	G000015305	0.150633	0	216/10000
G000015305	G000015305	0	0	10000/10000
G001655245	G000015305	0.140603	0	268/10000
G001049355	G000015305	0.164955	0	159/10000
G000184435	G000015305	0.14291	0	255/10000
G000455165	G000015305	0.160733	0	174/10000
G000214155	G001655245	0.218593	4.24053e-180	51/10000
G000240505	G001655245	0.216771	3.75159e-188	53/10000
G000972925	G001655245	0.217673	2.15492e-184	52/10000
G000970885	G001655245	0.221466	7.04422e-169	48/10000
G001021505	G001655245	0.214163	1.47781e-198	56/10000
G001673105	G001655245	0.222464	4.67458e-164	47/10000
G001494595	G001655245	0.196705	2.99988e-297	81/10000
G000230935	G001655245	0.210897	9.49281e-210	60/10000
G001021385	G001655245	0.198488	9.98474e-284	78/10000
G000559085	G001655245	0.198488	2.11699e-283	78/10000
G001426545	G001655245	0.200976	9.27319e-267	74/10000
G000620625	G001655245	0.202933	1.08335e-252	71/10000
G001291445	G001655245	0.202933	1.94135e-255	71/10000
G000613185	G001655245	0.192791	9.88131e-324	88/10000
G001428895	G001655245	0.193331	5.85749e-319	87/10000
G000317305	G001655245	0.204284	1.52256e-249	69/10000
G000015005	G001655245	0.192258	0	89/10000
G001307545	G001655245	0.195553	8.06814e-304	83/10000
G000805385	G001655245	0.202933	2.65358e-255	71/10000
G000455325	G001655245	0.200976	6.72904e-266	74/10000
G000612825	G001655245	0.204284	6.28879e-244	69/10000
G000373905	G001655245	0.206387	4.48786e-240	66/10000
G001570425	G001655245	0.203604	6.64123e-249	70/10000
G000234585	G001655245	0.202271	1.74397e-263	72/10000
G000328565	G001655245	0.194988	2.26133e-305	84/10000
G000230895	G001655245	0.198488	4.33916e-283	78/10000
G000379865	G001655245	0.182699	0	109/10000
G001005175	G001655245	0.185827	0	102/10000
G001583415	G001655245	0.171263	0	139/10000
G001499855	G001655245	0.200342	1.01363e-274	75/10000
G001499915	G001655245	0.190693	0	92/10000
G000015405	G001655245	0.177011	0	123/10000
G000266905	G001655245	0.172984	0	134/10000
G001044245	G001655245	0.178173	0	120/10000
G001044235	G001655245	0.160733	0	174/10000
G000015305	G001655245	0.140603	0	268/10000
G001655245	G001655245	0	0	10000/10000
G001049355	G001655245	0.163504	0	164/10000
G000184435	G001655245	0.150849	0	215/10000
G000455165	G001655245	0.171944	0	137/10000
G000214155	G001049355	0.23011	1.15495e-137	40/10000
G000240505	G001049355	0.222464	6.68165e-165	47/10000
G000972925	G001049355	0.232543	2.82541e-130	38/10000
G000970885	G001049355	0.23782	3.07083e-115	34/10000
G001021505	G001049355	0.23782	4.38807e-114	34/10000
G001673105	G001049355	0.224525	1.3338e-156	45/10000
G001494595	G001049355	0.200342	2.08045e-273	75/10000
G000230935	G001049355	0.210114	3.66421e-214	61/10000
G001021385	G001049355	0.207842	4.16914e-228	64/10000
G000559085	G001049355	0.200976	7.70353e-268	74/10000
G001426545	G001049355	0.211692	1.06733e-207	59/10000
G000620625	G001049355	0.213325	2.99861e-198	57/10000
G001291445	G001049355	0.210897	3.29954e-212	60/10000
G000613185	G001049355	0.201619	2.046e-263	73/10000
G001428895	G001049355	0.200342	5.73596e-271	75/10000
G000317305	G001049355	0.201619	3.19035e-266	73/10000
G000015005	G001049355	0.197886	2.29584e-286	79/10000
G001307545	G001049355	0.216771	1.02722e-184	53/10000
G000805385	G001049355	0.207842	6.49506e-228	64/10000
G000455325	G001049355	0.198488	1.35573e-282	78/10000
G000612825	G001049355	0.206387	1.07282e-232	66/10000
G000373905	G001049355	0.215885	2.18348e-192	54/10000
G001570425	G001049355	0.217673	4.57094e-179	52/10000
G000234585	G001049355	0.209345	1.59113e-223	62/10000
G000328565	G001049355	0.207109	5.43428e-230	65/10000
G000230895	G001049355	0.209345	1.11555e-219	62/10000
G000379865	G001049355	0.192791	0	88/10000
G001005175	G001049355	0.199098	2.77879e-283	77/10000
G001583415	G001049355	0.182269	0	110/10000
G001499855	G001049355	0.202933	5.72712e-259	71/10000
G001499915	G001049355	0.201619	6.51061e-267	73/10000
G000015405	G001049355	0.194429	1.24016e-312	85/10000
G000266905	G001049355	0.177782	0	121/10000
G001044245	G001049355	0.181843	0	111/10000
G001044235	G001049355	0.170926	0	140/10000
G000015305	G001049355	0.164955	0	159/10000
G001655245	G001049355	0.163504	0	164/10000
G001049355	G001049355	0	0	10000/10000
G000184435	G001049355	0.167067	0	152/10000
G000455165	G001049355	0.169279	0	145/10000
G000214155	G000184435	0.233808	1.70499e-126	37/10000
G000240505	G000184435	0.216771	6.66436e-189	53/10000
G000972925	G000184435	0.232543	1.4621e-130	38/10000
G000970885	G000184435	0.223483	1.0571e-161	46/10000
G001021505	G000184435	0.215885	1.7398e-191	54/10000
G001673105	G000184435	0.216771	2.56279e-188	53/10000
G001494595	G000184435	0.200976	5.48086e-270	74/10000
G000230935	G000184435	0.204974	2.11698e-242	68/10000
G001021385	G000184435	0.204974	1.19425e-244	68/10000
G000559085	G000184435	0.182699	0	109/10000
G001426545	G000184435	0.202933	6.03355e-256	71/10000
G000620625	G000184435	0.207109	3.59629e-230	65/10000
G001291445	G000184435	0.200976	1.01699e-268	74/10000
G000613185	G000184435	0.192258	0	89/10000
G001428895	G000184435	0.200976	1.25319e-267	74/10000
G000317305	G000184435	0.198488	3.12585e-287	78/10000
G000015005	G000184435	0.191209	0	91/10000
G001307545	G000184435	0.203604	1.71036e-252	70/10000
G000805385	G000184435	0.199098	9.9087e-281	77/10000
G000455325	G000184435	0.192258	0	89/10000
G000612825	G000184435	0.202933	3.74136e-253	71/10000
G000373905	G000184435	0.216771	7.8844e-189	53/10000
G001570425	G000184435	0.202933	3.73882e-254	71/10000
G000234585	G000184435	0.201619	1.2569e-268	73/10000
G000328565	G000184435	0.202933	1.83539e-254	71/10000
G000230895	G000184435	0.190183	0	93/10000
G000379865	G000184435	0.197292	1.28687e-296	80/10000
G001005175	G000184435	0.198488	5.2063e-288	78/10000
G001583415	G000184435	0.182269	0	110/10000
G001499855	G000184435	0.190693	0	92/10000
G001499915	G000184435	0.199716	9.28707e-280	76/10000
G000015405	G000184435	0.151725	0	211/10000
G000266905	G000184435	0.174771	0	129/10000
G001044245	G000184435	0.165251	0	158/10000
G001044235	G000184435	0.138738	0	279/10000
G000015305	G000184435	0.14291	0	255/10000
G001655245	G000184435	0.150849	0	215/10000
G001049355	G000184435	0.167067	0	152/10000
G000184435	G000184435	0	0	10000/10000
G000455165	G000184435	0.161274	0	172/10000
G000214155	G000455165	0.232543	7.03609e-130	38/10000
G000240505	G000455165	0.196126	6.06151e-306	82/10000
G000972925	G000455165	0.242205	9.93113e-104	31/10000
G000970885	G000455165	0.254359	4.17035e-78	24/10000
G001021505	G000455165	0.250557	1.70412e-84	26/10000
G001673105	G000455165	0.240698	5.50086e-107	32/10000
G001494595	G000455165	0.201619	5.23297e-265	73/10000
G000230935	G000455165	0.215016	1.53437e-190	55/10000
G001021385	G000455165	0.213325	3.09349e-200	57/10000
G000559085	G000455165	0.194429	3.78392e-312	85/10000
G001426545	G000455165	0.22668	9.66722e-146	43/10000
G000620625	G000455165	0.208588	2.21223e-221	63/10000
G001291445	G000455165	0.209345	7.65099e-220	62/10000
G000613185	G000455165	0.202271	4.36465e-259	72/10000
G001428895	G000455165	0.208588	7.68348e-223	63/10000
G000317305	G000455165	0.215016	5.06007e-194	55/10000
G000015005	G000455165	0.211692	1.47014e-206	59/10000
G001307545	G000455165	0.212502	5.30961e-204	58/10000
G000805385	G000455165	0.215016	2.99393e-192	55/10000
G000455325	G000455165	0.211692	9.24907e-207	59/10000
G000612825	G000455165	0.198488	5.63099e-280	78/10000
G000373905	G000455165	0.221466	1.43082e-168	48/10000
G001570425	G000455165	0.185827	0	102/10000
G000234585	G000455165	0.219531	9.795e-176	50/10000
G000328565	G000455165	0.211692	3.61199e-206	59/10000
G000230895	G000455165	0.196126	1.37679e-299	82/10000
G000379865	G000455165	0.202933	6.4234e-259	71/10000
G001005175	G000455165	0.202933	1.44722e-258	71/10000
G001583415	G000455165	0.194988	4.01164e-311	84/10000
G001499855	G000455165	0.192791	0	88/10000
G001499915	G000455165	0.177782	0	121/10000
G000015405	G000455165	0.172984	0	134/10000
G000266905	G000455165	0.182269	0	110/10000
G001044245	G000455165	0.178567	0	119/10000
G001044235	G000455165	0.172635	0	135/10000
G000015305	G000455165	0.160733	0	174/10000
G001655245	G000455165	0.171944	0	137/10000
G001049355	G000455165	0.169279	0	145/10000
G000184435	G000455165	0.161274	0	172/10000
G000455165	G000455165	0	0	10000/10000
