id	1b158b8b2922d4fcad5d9cea607cbb7d	c1dc9ad5116d96b8ed863458fc0d0aec	6a6fcf8f9b8bb1ab9e5f8456ee7fb109	aed3f59201e3b9d21858f36557f42a80	f95cab37fba4160de15015f4d520839f	cda4e6f933bb3108ea3e92f9db411c00	afd87e82de329a1ed75b98b5b606843c	668fdb718997fc1589c7817655d4bb5f	51e441cbdcc80da0656e82293ae160b5	ee293984c0110b2eeceb8427fdf448fb	73bf8d1a5983e34a0cb84e3cae127815	dc2721103659fe9f1d3ead56a11df243	90a05d597112b554e4480a8eaae4e0aa	cc2d96099f530b503371e5ddca8c0a58	45a68a9eee3cf83e27f4ea309d57ffc3	a5189f77a2cfeab3bc1602ff5c8ac3e9	e553b9a0bb32467c71c89a4e97e55792	b20c095fd654b84cebdbfe4faa0a1409	8114b1d0274e9e4bb6c91f6af1b8fac8	8347bd34436f72573fcde614b95d4702	d5c7d97e6f4f5789d574d321dcca0992	24a60c6448e70d9198ad6ba93520958c	974f6d026e2fa28ed37bcc0308ed56cf	bd2ebc70501f7d867c204f94c4e483da	b3bd0d387d67ca01fe3197f5bf66b032	5d6ee23084c6b9c96deb9a83295abc8a	e59405a47acbc248ce61395366159d8d	a3bf9252a3063e2844dcade5e4192e50	9f8668eb1c5f9d9a992dd49245db090e	e083e2f58987c5f8db5d4dd16ddde91f	b65eb19257f7a2bedb5a1c4b42aeb396	e27680d4009f98f30248d823bc17fb8e	f9ff9d5eb1c59d26a9689d1b617eba2b	608e6548b1b4cbb6176c8fce090991a5	5f92443932d0deb4cf0d196b6e4fe4c0	df72998479c8b1228c5c3943f047680b	a9d9e22d46fd432964b7e70ceac35fd0	554c761996ebab999befda1b695fd81d	fc2eeb02cc0e0e7f598b88912ae6c891	a3f36ef32153f2fc2aaeac2feb23777f	aad4ab75d4049ba9bc82a856845fbeeb	b4d6edf2fed7f3c5477d370559a3a9cf	d64d3900fff68de4ea004f18ba50c364	6bb6aad559c5eaeb22b2eef7874ef038	a4bc8ec02405aa22556bf3c19686cf67	4bc7315a09f4753c6454ebc80bef05af	fd75fae7f9721be5ba0e4a3704a1dedf	c3bdda568b2c1580d5cce7407ef43909	91a5346f6aff3f8ab3697fa85302f7c7	5c82dc47435864e490625ae01151570e	9d21d7d00d7e938a7e1c374a4f4bb833	69e611251f4d8582e312afa5737f033e	63b26504f32377cd78d6068bffb86b9a	c395ce96ac93ca3a6c81d07dbf85a94f	574ab9c17692ffd001643c930f6895f5	c4995645e0c1545b0e1620144d03772b	9cc12e6a4537bd55623ad90bf6b7084c	ae734c4d175f73fc729b068e4305b721	0eabee792a3518e67acfd8a1aec7650e	a1a300c872047a7d8b6b294b17cfb63b	8f98fb8693ed59c21399d83ce2d10724	2d34c22edce4b1f2d8a5228ad78f8ea8	0798f8b60a87aa196d5091690496a579	2c2018d4ecccfa3cb27b99a04c9222b1	23fed68c6c76ab10ba1be8a43e9176e7	7b88642b16527112c71d6cf714323e5d	c1e6a3b26cc7d12c8f7e22ebb092e001	c9ea71f39bda8752713c8e90dff2b875	4cac188f212a24bea2a1768192189c77	cd287f4187715ce042afa01534b95a9b	06296ef8e5b973cb2ac066c552af976a	fbdda2034faed58c9887dfdccc6f30d6	7537ea189be48b39b2ea35791a721911	e1d2a9fa4aa3f8e81067cf362e0cd257	464a52deb6e8c4e2b57d980a8d18f04c	ce0fe9dd4a105852b029c2ab1d997024	36c384f43361bdb56744d67b5cef1583	f0607d2c57afe6bb25bd64afa9869e28	ee94b042fce1e0d75af093d7d1b1d340	4119ee9eb78e6baa92065d886a5e24ac	6a0bbfe5241c80e0f4e91b06fe4715c7	fc02af89d869043b296114729009a5b0	bb5095d1e0f85abd923860c199d75c48	5173dbed1ba24aca7d164bf37813de35	0be8f550cd7548af59032ee27688a2c7	470dd02996e31255357eeeaa3672b469	b39c338f5e964b6cb87e07f10badc6c4	e54de8f948e4f1d2a3c9e5a394c5bc37	759447727e8f5502bb8c4ba440826b0f	4bf3198c78397be5af0b7325d20558de	8b39c846ed9a2e0187075e964f050de6	d353248c8a7d31bc9f8378a320b77924	60f0a102e1b3118286adc774264b5b7d	bc2f547ad3b57ab25a90b21c3b130ac5	6fb0df04100f50a73b61352acfd5dfda	f66c5718c01e5c00a45a2fac7601810a	a1a3200b76bcd6000a0914892d370b6e	5a3882b4446fda1bfef34aab80106679	df15aa00cffdc5235078831e54deb6db	615aa537d9029453bc2a28251a5026a0	c1310e0b3b6813e4558e82286ab4f8d7	ea662f48f14bcb16f34cffbe4dc366d6	173df44e6f296439bba4b092e1eb5e70	6013b9e15b35c4e724eb0c323c05f9d3	651b456fad22829867a61aff2a233caa	102ebfe1ea2610313d56c3442f02c3b7	0a4009eb300a0f2671383587d6d8401e	c88e37c00a5abc483dada3afc5da38a3	23368c2d745ed62db9ac0a19c9dcec5d	e469309a6042102ead5ae0b1951d4f2b	b5a03c2586421f45b328f54629a11127	5367c25a87f2b25819f9f7803785d573	e0cfc140d0e3e4c02a1b8f308c53140f	a7a1a93ecfcef4cb45b42307a4fa3bca	83afff0ade89764d7bfe335e9e3dc181	f03b1273a785c8c04cd17b099381e82d	7534fb513a4b404419edc4e91920af3f	006447e914f38b29a86b92aab7b8145d	3baabf8cc3e85c0f8b1d2790db20f838	568a63615bbf7c37fe5a9876a2680db5	b99e54aeff182655d9ed4a2acc9bcaf3	d41c7732c0cbdbb7332d56f047b93be3	9a8f3dd0d25d6051cdcc5f60c0d35354	f2eb4e684bae8116d02c9cb2781f6256	ea782509d0a8789e546719d0b94402f0	3df3f3507535f086e675753cc4e7e7b5	75622b8ee0f6a2b8a796bbfd264ca9fa	cadafbd17c8a30e17ae4b16c1caa1b69	cc1f68dd638f3d975be850ca240e6fb9	2aab0c408ab7e997e07d713b70cc5824	6b40524e525db04087e414f058bc1a5e	cd74125ad53d33e6980231aa218ccc5c	e7142feb387f929ee101779e66677cb9	80feb2fb070545be75f78cbd6b520d5f	457ee45e6a2eda370c854acc25056938	1f8c4c2cde7fcd67177b93326e7e4007	55666d2a8f644adebc97c258e08702db	504b5f0d2545c712940d4b9772a89711	b626841d59de09e32958b7bb7080e06b	737bcff89d1c4bf456495733d8cb9879	d2a25c99701de82fa7f24638661b5719	3ea67969a01ec419ec1d4784d379ad1d	efe2a06bc156c813da7811dc752f085b	f924b59e41bdb872246acf7db5361fc2	258dc16177545d73899624314369adec	03af966ff07ddef2b87da992b85b600b	e264a46aab169ced268edbb90088300d	f2c958dfcac880c2f53a47e114d994d8	c335a7c6e1e3f03c2c532274ec80a0c5	4390694cd4a2020a75d9f3e18f34522e	1469f96bc2b17e99a7988e3fc891607d	3b87e5599209f7d887a43615f4b17d02	81498438a4a99ab2ba5e04ffba72748e	e17d964cd0fd8c2ddbd1dacfa8b536e3	4ddd7df6ea0439b9b350e9795d3df725	5767b6d35eaaeafb23a1d7c76f6fdd35	c8fe43b443d56a0e5778a17b40665737	e47a63686b619f67783f9b9aa52b86bf	9e1d23e474a9f1e4e10387a23f601dde	4b02c7428939a2e8579506a3fc2604a3	228ae07feb0040900651f7580168bd27	2cb9077e3906b6434cc06d7bf5c82e57	ead81a9586364a1d01ac72f1e39f6814	8aa94826eb4f90512d52fc7b796354c6	76d4dadc006ff1d530d38dd3cfac300c	305b6e6f59c05104e9f7d999ec96ae90	5610b04f19aaac78ac2469a3feb707e9	cb63ff338fde1171b1e985e8211b1929	98ff1f2b1008b5e0971997cd5070fc03	9ec6bdcd062cb0b64b488caa782aa718	69a95a431d86566fd7520a966d10bb17	3d0ecc54a611d9476a0db83744befa03	ac04fef6eb13ddf89756a0af35b512fe	18793240d7da9f36d35e94906307e157	cc3a0279039935404f77c55ed8be3780	7d17d197d7978be0b6684209ce257e20	0bc0309dd21fa1eba946576bc9ef55d8	b953ac3c6973b5a557774d4b2d005d48	dfba68ef0fd0e712608eb2a0078013a7	2c894c9e3a032a9824774aed6a96603d	10541b6401f0ea0b38e3fcd6265d3c86	e9703768a50971c05b34b102810fd761	351c1c41eb96b3ed2975bfe7f01eb9d7	b677c6c95bbf603529595ed92876ef37	dffa04ca171f459056b9466d7acfe601	a0b7d83fb64749f9a4b15b3728425b97	fcef0c35245da8a1642046f1033e5b88	9496d87b94d90dff068f0716603930bd	39620d2b81b364e9797a4b5ddd0ddff0	7082034a5eec4c381d09cd380594242e	8af0ba30611d668e5a3927f85542f627	c448df5ffbad099889ca414109af27d6	157eb8623615df51a717c3a9b85e41b6	ece50a62168f85fc61385d8adb4c6494	85b4d7d480ef06ef2844b93115d87480	bde76e426d074e3859d6231de33f6693	e356478388a246c0d7d90e23ef1d506a	2a89363f0b2ca69bb6cc0fb4c53c3971	a070c2e394db428a514dfa385c502b8e	8c76b79fd9c6089b3c3fd60c71890cad	bf8b9bcdca8aa4a04770880399d6d681	c7a940d2c3730d4ccc190b321930d240	0071c6ffdb721ff1f9ec19c4615662fd	531219b826ed8cfa139fcc99189e0929	1d38c3d3e21b0567dac79cc36187431a	7d8a36f2aaa377662c4beec418455b48	44d048fb79950a112272223c6905ac11	33d591dd6da939cd5ffa983ad2b49280	ddbb3a2a7d6486a2201bb8770feb0a6d	6ba7d4f61fd8143e8aa856596c09b9dd	a0a476401d529ced24788bff2ffd4515	8e90ac2f0df6304022cff8cd278f8218	7e048b0e0c32d2f839e9f2098a4ebb35	1f4f4a82b05eeccd5361047345201e66	a231814083060142816974207844eff2	ebbe8017bca36f0a3b02532a2b4ed0d2	f7ae6b2c56937893ef465d6e830b22a0	bb221f6dc3c048ed61763de34f2d78a3	9154fa6a1f8d4e5c562994121242f5b5	c505404abf2952958e1f438217081417	00565f9981f176f2eae21aff895a72ff	8133592a0dd3d6f104c1299d656af362	b3b47482e8be73b8e82b0c03d67fe01c	7c93315259ad14510b6e9cae0670a048	66abcaa2ae11a56ffe3a3dd2900bb4dc	3ada9b89ff4552792c8460298ee66b64	7d285be20e3ad3812eb21be379357ef1	9340522a1896f528534b9a2c88f41962	5f2d589aeca05cfa41265dd5e23603b4	d7eb4e5c7f24ea076ecc5fa029cfbed9	1995b7de9c53d2d46e6597cd46d72e99	fb461d90a6fc0ff2c1302c2e9cef8788	f37c5acf3e7486d84c21786a0f8b9072	30dd9fd45122f82c12b166a042d1eaf9	00979c6b417b7978c1c656e263cdd054	05a0879d203021699d913e7099da4b3e	97e403cfc9503f262fb9e25075a23129	0c3887592dd60a361d43c78e501ba495	fd2130b6a8a1db45c0f5381012b2e5e7	ec4075339e16f5cd45fd5a7955596899	87368903a585e254843c93dbbe0b59de	fb798da6858b8b3f34077164a4ec9315	2ae8d0f7c8332e3df1366d60f0726123	9d0579ce6a317ca0e626a5c68981c725	b8eddd1fb3af049687c92adf7eb1efab	8b8b93b27e9c6cc58aacb0bf38248700	e0be676ee47c66000b2e1f602f5cd8f0	651b00b519b2b3cba5ba14c9720622cd	e5413f67faa6b8c0c3e63e48836c0b42	bd3c45d86ab338880235c8db92437c9e	f0111bac5234f907953885881c7e241c	c5465580c4c4cdd15a78de5a240dbd4e	51dd453b71a4aba20d9f349601ea5203	0437c9910becc153a3d7838fd8eaa64b	25d727166a36df8d2f6a915a945bf5ac	0d7ad4c2be704c46cf2e72849ea2a853	14f9cc8ecdda2728b7966b31a87b17a4	3cc6cc9dfd4acb48c522fd2e6b28c2fb	2cdb259b754c2db622ed9fb5a6517a37	bc8fb99545fba27899a16f1ade967276	c838eb5b3b3d9fd0dfecdf75547c3c63	a4e94137d3eea12b54dec05caedafe47	677929eac52be081cdae08a0b9c70eb2	d2c0ca30e3b7c2d0deb4041a22dfaa65	543a0a3f73c2932bab06a3c737bfef5b	1e3e4d8ace0f5acef651d3c5038d743f	fcd2073fc9628403d2dc4aa2b66b64a5	000e38f477632fa6299901badf2e0f06	a180485ac456840a8e7a0014a4bcd598	c70a290f936ec20f4ab4c93feaa38f9a	2acaf275cc5b6e89e0f9f52c9197bbf7	142a9c61213ee7480a1c7b0eee5fc2c7	b944e446e87fa7a72fe2cccb95deee14	520c77820886daeb8cf0d6497cfb1344	d048172b7b49bf1669197f10389312cd	a78fa572a60226d8150bfb0fc0fad652	1dcfecb2b27d824c4260fcfe06c50f12	5608c3e6c9de9ceb79610e7786bd0ac4	0d3f7ffbeccd21fbb5aa31e55f638069	78314aca268ae4422bc651192fbc986d	8db9ec3c6c2da03db22d64f72b6f0c7d	6b85f9fc6e48d6dd554e07c2d0142939	2cc644320579becdf2e1b9cb5278fb85	c0ece818b951c3d3c75a2250cfe2da48	d9681bf8373e2635323f1ca0cc434ecf	79bdd1b666f32bea849295d02c3c1494	eb61cae65bc6cdd2440323bbf603ba5c	8468e308e3ff23c41059c416ba2b2676	798a2575cf559d1189070f3074275920	34cc6c83a992b50d83fbb3b3cf7719a9	62593cfd51b7623a2e92d97f9d73ce86	fb4b7e4cf7a126f0883f3dc8c09ddecb	94aa237534fc5913f79df9f144f7a9b3	57fff35c458e13113cdc2ea0c23b8044	abe129b38e8b5574545e51f8e1d59216	38a149a8cc59529f0b4ce29d6a838176	9e2722820d33c7f8490c8c922a737668	c8f0d849875f193a6dfb78ce2f923fac	b9cc32d42980fdf1bff3dbbf5c0b161b	baca9102706bfc3e2061a1ad7a21d256	58c9d27620c4a8f749c75f945fce11a0	e52bad5593b9c105333adb4009a4fc74	dbe008f44b6d3a9e155a8ccd928b70a6	ac764ba2fa09f63d14047d63d281ad01	f629c1c70c26ae5e8c4f061251e0e020	54f3fa8080e96ee8c48b77627ac0ae3a	f2e4355abb553aed0f53a97b59f2acf2	04a802674683d317a8c7484ce2407ce0	3cfa76e0da34a56a641ca33770efb588	ad1d80a4aeae1627f0ea27ed174fc49a	7859f0d526ad56fb4d8383d136b3bae6	694d61b8ec78349749c8b6ea59938e0b	d9edbb098bd521f9a427fad08f5f0f54	7d171a58f4f7d493a5d09b92be1f4d5d	27e4ee12c9fa05bdc774afcdae469881	e8af4ea8d78377f2cec6818fd0169cb9	f1e1d3f616e2f7fd2509bcea8b0db25a	fe8cb22c3ddf1ab8b026a68c1ded28a1	a531f9e2efa1d90dd159b241ce2e9a6e	0a311b36a42c8c0c4a07c3cdc154b8fe	4260927e3b266486b5d210135f0ef4f6	95af1d4825d243869cbbbd5ddacd5fe2	153c48635771b1fdd766fc9beee8d0ab	e42eca05569a91344b63bfce39149734	619f64f2bf103286f4f70bfd89500ed4	deb170734ab392b36e5653feffb25146	74f0622ac962456497a9f3a89322ca97	bc53814d35b2f862562a1e865e923b33	dabef9ee14ef9593bd718ee99042b0cb	b8aa887a7c03a4ada956d7f4b802da06	0dca59bf326289459f112817023b0a1b	05e16c38c3cf730111943051c0703828	5be6187204c7bff7fb969f7167b7d11a	97b46cdc630fb1c3097f961bb4f627e5	8f9662a4e252435c852f2ba7c719744f	a05e9a2045f31b481805a919006e28e0	04e9151eebd435f26965d2a465f88599	8dfe50db912cbbd6fd80a14415e2d530	fc7246d67c5699d1fcb304cd7626f688	7533ad859560f7a061e4bcc4e60e25ec	1d5c469bc3a0da4471c67e502fa56e36	d90ee6d02de262a727d495a4b6b7b893	392aa3c45e128c7432f91b3de84541f6	3b150d94f8782944249fd0a73999227e	d88daea65b6cdeaab41de5bd59e92c60	2731573ea86a7bedc3f7c2ee9e510e40	3ab752181b720a897cf1adc0c7670bf9	2f7469e5218c41b52377f7a2423038d6	2f27bcf9a60804b6b1fcdf74122c4fae	a73a945152632348be2f01c58d846887	54e7b2139640ec28fbaf7f0491cad845	d63133c757e4c822d016db63aaa83f83	07dae4672402022ad477f7aabdebb7bb	c8cd6b3dfda3eb1774c262093aa6acb0	a67cb378efc39872e25df8467bd8616e	e0a25143b7f2e59d7266ee802d1aeb61	5cad48a7ec53ad7a8aaeb11ba51e6c42	2cb211676d1a1e83a8f032423683ea36	6375d6db4733607e79a11e2c52a4d583	e6c328181d5115c9f227144211c11a9b	4be5ec3f2050a6bc7db8d4b18e74afc5	c7692af2d4dc792f75475e21de175998	887d82cf4694c1e91c75f7ffb4e44c91	1e865b8621d02a9002be3b038c0421b7	d7aadfca4168da725fe023a992fabe0e	b6d5dae42d6441946b72536202970b6f	d23fbef2f31d48eda40876cdbc49933a	8eb9689615144358672b4f047425046f	82abbfc55254ab4cdfededaf35e1ac55	c4187ca9212063e21c3b7c7b4de15927	90eca2d0a5abab90568906f8acb13efa	4c06188bc9c7b91eec9e1fe25da00706	bfe54af4c9180d37a0d76f6dafe79a5a	002585cef1f714508f1077ceef357b5b	6d59e45524751443fb12c13822f06712	82e7f110f572e7d76a35c895332abfef	064870bc3b90e3705a92dc6e8081427d	bd1e5aa6236196d85c96157ae96d5cd2	d3247c936f8f4735909a8526ebf2f49e	2f3e5edecc51c0e893f8e73d293b1f2a	9afa8a886ce58d005817de2ccf965cab	b80fa2846ee5a430bd8cf619e8c127a9	1357277b4f47cd8732a2707eca12fcdf	355bf8fa3e5b0ae610eff9a653c912ee	9525d13fc5339257cdf867be32c16544	e5d0a0aa2239b92b5ff6baed1dd8bbca	c358f03a822863296a7d67f027decbb3	ceee303d7e9a406a6f21480b74c74f15	e0901a2b53c0165a5a09e451794c8839	9e63798a652d22687cf219c95227274a	2ea7bc00c02d09243c4c8ebbdfe73565	b2487c386ddc1a950ba23034e0d108ba	4d77a61ec39a89bc7965dbc59d2a724d	2becf91a1739d71b847033599c2b381c	536bca28d3d5384a4b1880b427e53dcc	f4f297232da0f8d7dae7f9c432501e22	262ba8fff46ca0c6fee6af217feea7df	15e25ac35ddd784dd294f0b3e424372a	bcc7da211cfd8c6f2b18577d26787e5d	b8c804e73bd7b96d1407eb34ab4f27d2	119295098ad0c31b01ddf55773a9167c	5ca0a09f50782c16394a2c8f524d0909	fec717e8cd2bcd9ccac788354e7d6899	58cc2d5dbc1baaf25c51f24f543f49fe	9cd232a91d762e72b8695ef807e4b595	22acdcf6109187e1600cc07b80f751ae	9ef6efd0e49ef5e1efe3613b0e427312	e2c82b8f287cf06e42982508eb460933	00a3f98bbaf1bcea625387f4ec850d11	64032e2f2fa5269bd7d15eb19bdc94a9	c950846150e92b59f7b0629afe0c0060	700f217e8186f837c47a22d84e5581ff	aa9640375ef8e0ef404343bd2ed52edd	7254c3b1372d964047fa67c27869ae94	99a24244b8ee4488b1bd89c76fbfc176	d70bd64edc0672b74dee70fad8437752	d32274e6eeffddfd841ee35b5ba8ea1f	830c3ea3526c42f09986097a09800338	83706970104da76b2528b23c82c19aef	a684e731a405ce64b1669976e6658a2d	2b4a79f2b8db74f757ce83fc8cde5b5d	9ba80d636e5561c9a76f1aa0f67b5b4f	e2743d667ea4d0118804dd6338ab73d7	716473f9ead51255cbcf235474d1aaad	132c785e706cf516a09a0b09317fbdd3	761617092f078a18c25146dd5d6e058b	2fa4f0106e7951eedbd009f2aba616ec	9104115edfeae473b2c9402cfb9a7ea1	271f32e6393144a5cd488294859b0ff6	8253a32e37cc65a796a92ee67b50d870	23e94d94af9d74bf47026bfd1a0fade7	50e9686d4c494334e60b5230478d3387	fbe46ca1debb0b801cae0f43458ad01e	26f6853f46b06854fe5418317a261fb8	5046b79b7267f5bb60cd4edb52fbe34f	de2b357336eb0cf0df1358f198266fc0	fac9ce0e745ac937ddd1ece1e8995202	4ff2e9004a1262952381951a173485af	5fdacbfd74abb06f94f87f7c539c6246	67bf09f04c0c07814918c6f90c97f123	53e0d592ae656a4b8017366e9df6affd	6c4bbada5eb78932416ac1763fba651a	8a8122435aec8f22921d2dc0f67a8adc	c3c8d537f5afdd76af1dd96e7e974368	53ee2a5c83806c73f3e5419690ac4241	7b223719a0af567e7ea99f06f7ea1068	defcd4620b2368ac1916885bbfb51c9e	5fc1c185487f20d9eb237b082865d815	7b3fa6d9e1062f0b6537b7372012b859	7af4fa1f691cc0160b97dbe4ec76ae30	7c9a237e3d69fa5e7fa14cc90efe458e	acf04b7ad666569594842f5194ba01dc	dadac054fc5d96a92301b23a39121818	70b8969a40814937e8db0c6af875a312	251c457083fc6e77f55289033808397c	b1fc2d8d61c1d08c9cddb27adcff3fda	f9910a2636fb709dbfbcdc4fabe34cda	5bbc9e6d1736a065bf7ea3af7e1bc9bd	c08053259c9a16cb43fe73e0bbd792ac	ba5afec5c3b0e474bddc1a9ca5961e3d	6797371940252066205fbd1b85d623ce	2d79a0f0dfbccfd07a0509a4623bb1db	99c40a5312fad44f7ab6022d13d53441	5898ec3a80ad76122c711774a3be2994	01b812d1959391432c283754cebad70b	7011e4bed602e69b44398e53b20bce42	2c28f59ac40a4baed8a1ab2d6bd7f35e	8a3a7b91dcf3ddcf651fe327d2693100	906a67a5dd02732c0a80dceafc4d69b8	d3853d2182c91bc13e3fe91b590b9111	13a37c86712739ee091c0fbc2a13e1cb	d94a05561f7643eeb4a75f59435df2df	6b1597644d7942d2276e0facc93bc63b	ac0f7d14d0cc7d87687a7a72172dba00	e803ff46adaa0fa149ef151b082378a0	a11e3437a79a85d83c4bcdd1acd6ff27	c6adabe4621cc8ab924f25db04dec07c	e8120a2c1c4a6888ab33d17a033a6a56	7c02b294ddbf1c8eb03ac162df74780e	e48e37a0467ce3d2ff2c3a0f1167497b
50076	22679.0	1607.0	707.0	277.0	185.0	128.0	108.0	100.0	86.0	67.0	57.0	57.0	52.0	43.0	37.0	32.0	32.0	32.0	30.0	28.0	28.0	28.0	26.0	25.0	24.0	24.0	24.0	21.0	20.0	19.0	19.0	17.0	16.0	15.0	13.0	11.0	10.0	10.0	9.0	9.0	9.0	8.0	7.0	6.0	6.0	6.0	6.0	5.0	5.0	5.0	5.0	5.0	4.0	4.0	3.0	3.0	3.0	3.0	2.0	2.0	2.0	2.0	2.0	1.0	1.0	1.0	1.0	1.0	0.0	0.0	0.0	0.0	0.0	0.0	0.0	0.0	0.0	0.0	0.0	0.0	0.0	0.0	0.0	0.0	0.0	0.0	0.0	0.0	0.0	0.0	0.0	0.0	0.0	0.0	0.0	0.0	0.0	0.0	0.0	0.0	0.0	0.0	0.0	0.0	0.0	0.0	0.0	0.0	0.0	0.0	0.0	0.0	0.0	0.0	0.0	0.0	0.0	0.0	0.0	0.0	0.0	0.0	0.0	0.0	0.0	0.0	0.0	0.0	0.0	0.0	0.0	0.0	0.0	0.0	0.0	0.0	0.0	0.0	0.0	0.0	0.0	0.0	0.0	0.0	0.0	0.0	0.0	0.0	0.0	0.0	0.0	0.0	0.0	0.0	0.0	0.0	0.0	0.0	0.0	0.0	0.0	0.0	0.0	0.0	0.0	0.0	0.0	0.0	0.0	0.0	0.0	0.0	0.0	0.0	0.0	0.0	0.0	0.0	0.0	0.0	0.0	0.0	0.0	0.0	0.0	0.0	0.0	0.0	0.0	0.0	0.0	0.0	0.0	0.0	0.0	0.0	0.0	0.0	0.0	0.0	0.0	0.0	0.0	0.0	0.0	0.0	0.0	0.0	0.0	0.0	0.0	0.0	0.0	0.0	0.0	0.0	0.0	0.0	0.0	0.0	0.0	0.0	0.0	0.0	0.0	0.0	0.0	0.0	0.0	0.0	0.0	0.0	0.0	0.0	0.0	0.0	0.0	0.0	0.0	0.0	0.0	0.0	0.0	0.0	0.0	0.0	0.0	0.0	0.0	0.0	0.0	0.0	0.0	0.0	0.0	0.0	0.0	0.0	0.0	0.0	0.0	0.0	0.0	0.0	0.0	0.0	0.0	0.0	0.0	0.0	0.0	0.0	0.0	0.0	0.0	0.0	0.0	0.0	0.0	0.0	0.0	0.0	0.0	0.0	0.0	0.0	0.0	0.0	0.0	0.0	0.0	0.0	0.0	0.0	0.0	0.0	0.0	0.0	0.0	0.0	0.0	0.0	0.0	0.0	0.0	0.0	0.0	0.0	0.0	0.0	0.0	0.0	0.0	0.0	0.0	0.0	0.0	0.0	0.0	0.0	0.0	0.0	0.0	0.0	0.0	0.0	0.0	0.0	0.0	0.0	0.0	0.0	0.0	0.0	0.0	0.0	0.0	0.0	0.0	0.0	0.0	0.0	0.0	0.0	0.0	0.0	0.0	0.0	0.0	0.0	0.0	0.0	0.0	0.0	0.0	0.0	0.0	0.0	0.0	0.0	0.0	0.0	0.0	0.0	0.0	0.0	0.0	0.0	0.0	0.0	0.0	0.0	0.0	0.0	0.0	0.0	0.0	0.0	0.0	0.0	0.0	0.0	0.0	0.0	0.0	0.0	0.0	0.0	0.0	0.0	0.0	0.0	0.0	0.0	0.0	0.0	0.0	0.0	0.0	0.0	0.0	0.0	0.0	0.0	0.0	0.0	0.0	0.0	0.0	0.0	0.0	0.0	0.0	0.0	0.0	0.0	0.0	0.0	0.0	0.0	0.0	0.0	0.0	0.0	0.0	0.0	0.0	0.0	0.0	0.0	0.0	0.0	0.0	0.0	0.0	0.0	0.0	0.0	0.0	0.0	0.0	0.0	0.0	0.0	0.0	0.0	0.0	0.0	0.0	0.0	0.0	0.0	0.0	0.0	0.0	0.0	0.0	0.0	0.0	0.0	0.0	0.0	0.0	0.0	0.0	0.0	0.0	0.0	0.0	0.0	0.0	0.0	0.0	0.0	0.0	0.0	0.0	0.0	0.0	0.0
510	30.0	3981.0	86.0	0.0	0.0	2.0	4.0	11.0	4.0	52.0	270.0	841.0	0.0	9.0	0.0	0.0	541.0	0.0	0.0	0.0	18.0	1.0	0.0	1035.0	0.0	13.0	65.0	1003.0	155.0	2.0	5.0	0.0	0.0	8.0	0.0	0.0	1.0	0.0	0.0	131.0	4.0	0.0	0.0	43.0	0.0	0.0	3.0	0.0	0.0	6.0	4.0	0.0	16.0	0.0	0.0	0.0	0.0	0.0	0.0	42.0	0.0	88.0	10.0	0.0	0.0	207.0	0.0	1784.0	1293.0	923.0	459.0	449.0	378.0	377.0	269.0	186.0	147.0	126.0	119.0	108.0	103.0	97.0	93.0	83.0	71.0	71.0	68.0	64.0	64.0	58.0	55.0	44.0	44.0	36.0	34.0	33.0	33.0	31.0	27.0	27.0	24.0	23.0	21.0	19.0	17.0	17.0	17.0	16.0	16.0	16.0	16.0	15.0	14.0	14.0	13.0	12.0	12.0	12.0	11.0	11.0	10.0	10.0	10.0	10.0	10.0	9.0	9.0	8.0	8.0	8.0	7.0	7.0	7.0	7.0	7.0	7.0	6.0	6.0	6.0	6.0	6.0	5.0	5.0	5.0	5.0	5.0	5.0	5.0	4.0	4.0	4.0	4.0	4.0	4.0	4.0	4.0	4.0	4.0	3.0	3.0	3.0	3.0	3.0	3.0	3.0	3.0	2.0	2.0	2.0	2.0	2.0	2.0	2.0	2.0	2.0	1.0	0.0	0.0	0.0	0.0	0.0	0.0	0.0	0.0	0.0	0.0	0.0	0.0	0.0	0.0	0.0	0.0	0.0	0.0	0.0	0.0	0.0	0.0	0.0	0.0	0.0	0.0	0.0	0.0	0.0	0.0	0.0	0.0	0.0	0.0	0.0	0.0	0.0	0.0	0.0	0.0	0.0	0.0	0.0	0.0	0.0	0.0	0.0	0.0	0.0	0.0	0.0	0.0	0.0	0.0	0.0	0.0	0.0	0.0	0.0	0.0	0.0	0.0	0.0	0.0	0.0	0.0	0.0	0.0	0.0	0.0	0.0	0.0	0.0	0.0	0.0	0.0	0.0	0.0	0.0	0.0	0.0	0.0	0.0	0.0	0.0	0.0	0.0	0.0	0.0	0.0	0.0	0.0	0.0	0.0	0.0	0.0	0.0	0.0	0.0	0.0	0.0	0.0	0.0	0.0	0.0	0.0	0.0	0.0	0.0	0.0	0.0	0.0	0.0	0.0	0.0	0.0	0.0	0.0	0.0	0.0	0.0	0.0	0.0	0.0	0.0	0.0	0.0	0.0	0.0	0.0	0.0	0.0	0.0	0.0	0.0	0.0	0.0	0.0	0.0	0.0	0.0	0.0	0.0	0.0	0.0	0.0	0.0	0.0	0.0	0.0	0.0	0.0	0.0	0.0	0.0	0.0	0.0	0.0	0.0	0.0	0.0	0.0	0.0	0.0	0.0	0.0	0.0	0.0	0.0	0.0	0.0	0.0	0.0	0.0	0.0	0.0	0.0	0.0	0.0	0.0	0.0	0.0	0.0	0.0	0.0	0.0	0.0	0.0	0.0	0.0	0.0	0.0	0.0	0.0	0.0	0.0	0.0	0.0	0.0	0.0	0.0	0.0	0.0	0.0	0.0	0.0	0.0	0.0	0.0	0.0	0.0	0.0	0.0	0.0	0.0	0.0	0.0	0.0	0.0	0.0	0.0	0.0	0.0	0.0	0.0	0.0	0.0	0.0	0.0	0.0	0.0	0.0	0.0	0.0	0.0	0.0	0.0	0.0	0.0	0.0	0.0	0.0	0.0	0.0	0.0	0.0	0.0	0.0	0.0	0.0	0.0	0.0	0.0	0.0	0.0	0.0	0.0	0.0	0.0	0.0	0.0	0.0	0.0	0.0	0.0	0.0	0.0	0.0	0.0	0.0	0.0	0.0	0.0	0.0	0.0	0.0	0.0	0.0	0.0	0.0	0.0	0.0	0.0	0.0	0.0	0.0	0.0	0.0	0.0	0.0	0.0	0.0	0.0	0.0	0.0	0.0	0.0	0.0	0.0	0.0	0.0	0.0	0.0	0.0
80129	473.0	699.0	184.0	417.0	0.0	0.0	206.0	9.0	0.0	94.0	0.0	238.0	423.0	0.0	0.0	0.0	78.0	0.0	0.0	1847.0	17.0	2.0	0.0	1310.0	0.0	0.0	0.0	179.0	149.0	0.0	0.0	0.0	0.0	0.0	0.0	0.0	0.0	245.0	4.0	20.0	3.0	0.0	0.0	0.0	0.0	5.0	0.0	0.0	0.0	0.0	1.0	104.0	0.0	0.0	0.0	0.0	0.0	88.0	13.0	11.0	0.0	4.0	0.0	0.0	1.0	0.0	0.0	7.0	1890.0	337.0	10.0	0.0	39.0	0.0	0.0	0.0	0.0	0.0	0.0	49.0	0.0	0.0	3.0	0.0	0.0	0.0	0.0	0.0	0.0	0.0	0.0	0.0	4.0	0.0	0.0	0.0	40.0	0.0	7.0	9.0	0.0	0.0	0.0	8.0	106.0	0.0	0.0	0.0	0.0	0.0	0.0	0.0	0.0	0.0	0.0	0.0	0.0	0.0	0.0	0.0	0.0	0.0	0.0	0.0	0.0	7.0	0.0	0.0	0.0	0.0	0.0	0.0	3.0	0.0	21.0	0.0	0.0	0.0	0.0	0.0	0.0	0.0	0.0	0.0	0.0	0.0	0.0	6.0	0.0	0.0	0.0	0.0	0.0	2.0	0.0	0.0	0.0	0.0	0.0	0.0	0.0	0.0	0.0	0.0	0.0	0.0	0.0	0.0	0.0	0.0	0.0	0.0	11.0	0.0	0.0	0.0	2172.0	2157.0	497.0	245.0	206.0	192.0	135.0	120.0	110.0	89.0	77.0	52.0	40.0	38.0	33.0	31.0	30.0	29.0	29.0	27.0	21.0	21.0	20.0	19.0	18.0	15.0	14.0	14.0	11.0	10.0	8.0	6.0	6.0	5.0	4.0	3.0	2.0	2.0	2.0	2.0	2.0	2.0	1.0	0.0	0.0	0.0	0.0	0.0	0.0	0.0	0.0	0.0	0.0	0.0	0.0	0.0	0.0	0.0	0.0	0.0	0.0	0.0	0.0	0.0	0.0	0.0	0.0	0.0	0.0	0.0	0.0	0.0	0.0	0.0	0.0	0.0	0.0	0.0	0.0	0.0	0.0	0.0	0.0	0.0	0.0	0.0	0.0	0.0	0.0	0.0	0.0	0.0	0.0	0.0	0.0	0.0	0.0	0.0	0.0	0.0	0.0	0.0	0.0	0.0	0.0	0.0	0.0	0.0	0.0	0.0	0.0	0.0	0.0	0.0	0.0	0.0	0.0	0.0	0.0	0.0	0.0	0.0	0.0	0.0	0.0	0.0	0.0	0.0	0.0	0.0	0.0	0.0	0.0	0.0	0.0	0.0	0.0	0.0	0.0	0.0	0.0	0.0	0.0	0.0	0.0	0.0	0.0	0.0	0.0	0.0	0.0	0.0	0.0	0.0	0.0	0.0	0.0	0.0	0.0	0.0	0.0	0.0	0.0	0.0	0.0	0.0	0.0	0.0	0.0	0.0	0.0	0.0	0.0	0.0	0.0	0.0	0.0	0.0	0.0	0.0	0.0	0.0	0.0	0.0	0.0	0.0	0.0	0.0	0.0	0.0	0.0	0.0	0.0	0.0	0.0	0.0	0.0	0.0	0.0	0.0	0.0	0.0	0.0	0.0	0.0	0.0	0.0	0.0	0.0	0.0	0.0	0.0	0.0	0.0	0.0	0.0	0.0	0.0	0.0	0.0	0.0	0.0	0.0	0.0	0.0	0.0	0.0	0.0	0.0	0.0	0.0	0.0	0.0	0.0	0.0	0.0	0.0	0.0	0.0	0.0	0.0	0.0	0.0	0.0	0.0	0.0	0.0	0.0	0.0	0.0	0.0	0.0	0.0	0.0	0.0	0.0	0.0	0.0	0.0	0.0	0.0	0.0	0.0	0.0	0.0	0.0	0.0	0.0	0.0	0.0	0.0	0.0	0.0	0.0	0.0	0.0	0.0	0.0	0.0	0.0	0.0	0.0	0.0	0.0	0.0	0.0	0.0	0.0	0.0	0.0	0.0	0.0	0.0	0.0	0.0	0.0	0.0	0.0	0.0	0.0	0.0	0.0	0.0	0.0
50395	1758.0	2945.0	11.0	14.0	268.0	3.0	269.0	35.0	10.0	780.0	55.0	673.0	778.0	2.0	0.0	8.0	142.0	1.0	3.0	0.0	397.0	9.0	0.0	55.0	0.0	0.0	0.0	90.0	498.0	4.0	0.0	0.0	0.0	5.0	3.0	8.0	1.0	119.0	43.0	45.0	0.0	0.0	0.0	11.0	0.0	82.0	4.0	7.0	0.0	142.0	31.0	0.0	0.0	0.0	18.0	4.0	0.0	5.0	11.0	0.0	0.0	188.0	0.0	0.0	50.0	380.0	0.0	107.0	3.0	257.0	14.0	0.0	128.0	3.0	49.0	0.0	174.0	23.0	61.0	21.0	170.0	458.0	9.0	5.0	0.0	11.0	2.0	5.0	0.0	0.0	77.0	0.0	0.0	0.0	0.0	0.0	50.0	0.0	0.0	20.0	0.0	45.0	0.0	0.0	0.0	0.0	0.0	0.0	6.0	7.0	5.0	32.0	0.0	0.0	0.0	0.0	0.0	0.0	0.0	0.0	18.0	0.0	0.0	0.0	0.0	0.0	0.0	0.0	0.0	0.0	8.0	0.0	0.0	4.0	15.0	0.0	0.0	20.0	0.0	0.0	0.0	3.0	0.0	0.0	0.0	3.0	0.0	0.0	21.0	0.0	0.0	13.0	5.0	11.0	7.0	12.0	0.0	10.0	0.0	0.0	0.0	0.0	0.0	4.0	0.0	0.0	0.0	0.0	8.0	5.0	0.0	0.0	10.0	0.0	0.0	0.0	0.0	0.0	63.0	3.0	0.0	350.0	0.0	0.0	28.0	272.0	0.0	0.0	0.0	0.0	0.0	0.0	0.0	0.0	0.0	609.0	0.0	20.0	0.0	0.0	0.0	0.0	0.0	0.0	0.0	0.0	0.0	0.0	0.0	0.0	41.0	8.0	39.0	0.0	0.0	0.0	0.0	0.0	2.0	2252.0	201.0	93.0	76.0	54.0	49.0	39.0	37.0	35.0	35.0	28.0	24.0	21.0	19.0	18.0	15.0	14.0	14.0	13.0	13.0	13.0	11.0	9.0	9.0	8.0	7.0	7.0	7.0	6.0	6.0	6.0	5.0	5.0	5.0	5.0	5.0	4.0	4.0	4.0	3.0	3.0	3.0	2.0	2.0	2.0	1.0	1.0	1.0	0.0	0.0	0.0	0.0	0.0	0.0	0.0	0.0	0.0	0.0	0.0	0.0	0.0	0.0	0.0	0.0	0.0	0.0	0.0	0.0	0.0	0.0	0.0	0.0	0.0	0.0	0.0	0.0	0.0	0.0	0.0	0.0	0.0	0.0	0.0	0.0	0.0	0.0	0.0	0.0	0.0	0.0	0.0	0.0	0.0	0.0	0.0	0.0	0.0	0.0	0.0	0.0	0.0	0.0	0.0	0.0	0.0	0.0	0.0	0.0	0.0	0.0	0.0	0.0	0.0	0.0	0.0	0.0	0.0	0.0	0.0	0.0	0.0	0.0	0.0	0.0	0.0	0.0	0.0	0.0	0.0	0.0	0.0	0.0	0.0	0.0	0.0	0.0	0.0	0.0	0.0	0.0	0.0	0.0	0.0	0.0	0.0	0.0	0.0	0.0	0.0	0.0	0.0	0.0	0.0	0.0	0.0	0.0	0.0	0.0	0.0	0.0	0.0	0.0	0.0	0.0	0.0	0.0	0.0	0.0	0.0	0.0	0.0	0.0	0.0	0.0	0.0	0.0	0.0	0.0	0.0	0.0	0.0	0.0	0.0	0.0	0.0	0.0	0.0	0.0	0.0	0.0	0.0	0.0	0.0	0.0	0.0	0.0	0.0	0.0	0.0	0.0	0.0	0.0	0.0	0.0	0.0	0.0	0.0	0.0	0.0	0.0	0.0	0.0	0.0	0.0	0.0	0.0	0.0	0.0	0.0	0.0	0.0	0.0	0.0	0.0	0.0	0.0	0.0	0.0	0.0	0.0	0.0	0.0	0.0	0.0	0.0	0.0	0.0	0.0	0.0	0.0	0.0	0.0	0.0	0.0	0.0	0.0	0.0	0.0	0.0	0.0	0.0	0.0	0.0	0.0	0.0	0.0	0.0	0.0	0.0	0.0	0.0
156	8782.0	2119.0	2956.0	186.0	26.0	28.0	7.0	0.0	0.0	35.0	0.0	49.0	813.0	40.0	0.0	6.0	72.0	0.0	1.0	0.0	15.0	7.0	0.0	159.0	7.0	2.0	0.0	20.0	8.0	0.0	2.0	0.0	0.0	37.0	0.0	0.0	0.0	0.0	0.0	25.0	33.0	0.0	0.0	2.0	0.0	0.0	4.0	0.0	11.0	5.0	0.0	671.0	0.0	3.0	0.0	0.0	0.0	0.0	0.0	0.0	1.0	102.0	0.0	0.0	0.0	11.0	0.0	70.0	704.0	6.0	26.0	0.0	0.0	2.0	19.0	19.0	0.0	0.0	0.0	3.0	0.0	0.0	0.0	0.0	0.0	0.0	2.0	0.0	0.0	0.0	2.0	0.0	0.0	0.0	0.0	0.0	186.0	0.0	0.0	0.0	0.0	0.0	0.0	0.0	9.0	70.0	0.0	0.0	0.0	0.0	0.0	0.0	0.0	0.0	0.0	0.0	0.0	0.0	0.0	0.0	0.0	0.0	0.0	0.0	0.0	0.0	0.0	0.0	0.0	0.0	0.0	0.0	0.0	0.0	0.0	0.0	0.0	0.0	0.0	0.0	0.0	0.0	0.0	0.0	0.0	0.0	0.0	4.0	0.0	0.0	0.0	0.0	76.0	0.0	0.0	0.0	0.0	0.0	0.0	0.0	86.0	0.0	0.0	0.0	0.0	0.0	0.0	8.0	0.0	0.0	0.0	1.0	0.0	0.0	0.0	0.0	0.0	0.0	4.0	0.0	0.0	0.0	0.0	0.0	404.0	43.0	0.0	7.0	0.0	0.0	0.0	0.0	0.0	0.0	0.0	0.0	0.0	0.0	0.0	0.0	0.0	0.0	0.0	0.0	0.0	0.0	0.0	0.0	0.0	0.0	0.0	0.0	0.0	0.0	0.0	0.0	0.0	0.0	0.0	0.0	0.0	0.0	0.0	0.0	0.0	0.0	6.0	0.0	0.0	0.0	0.0	0.0	0.0	0.0	0.0	0.0	0.0	0.0	0.0	0.0	0.0	0.0	0.0	0.0	0.0	0.0	0.0	0.0	0.0	0.0	0.0	0.0	0.0	0.0	0.0	0.0	0.0	0.0	0.0	0.0	0.0	0.0	165.0	0.0	0.0	0.0	0.0	1338.0	28.0	12.0	5.0	4.0	3.0	3.0	2.0	1.0	0.0	0.0	0.0	0.0	0.0	0.0	0.0	0.0	0.0	0.0	0.0	0.0	0.0	0.0	0.0	0.0	0.0	0.0	0.0	0.0	0.0	0.0	0.0	0.0	0.0	0.0	0.0	0.0	0.0	0.0	0.0	0.0	0.0	0.0	0.0	0.0	0.0	0.0	0.0	0.0	0.0	0.0	0.0	0.0	0.0	0.0	0.0	0.0	0.0	0.0	0.0	0.0	0.0	0.0	0.0	0.0	0.0	0.0	0.0	0.0	0.0	0.0	0.0	0.0	0.0	0.0	0.0	0.0	0.0	0.0	0.0	0.0	0.0	0.0	0.0	0.0	0.0	0.0	0.0	0.0	0.0	0.0	0.0	0.0	0.0	0.0	0.0	0.0	0.0	0.0	0.0	0.0	0.0	0.0	0.0	0.0	0.0	0.0	0.0	0.0	0.0	0.0	0.0	0.0	0.0	0.0	0.0	0.0	0.0	0.0	0.0	0.0	0.0	0.0	0.0	0.0	0.0	0.0	0.0	0.0	0.0	0.0	0.0	0.0	0.0	0.0	0.0	0.0	0.0	0.0	0.0	0.0	0.0	0.0	0.0	0.0	0.0	0.0	0.0	0.0	0.0	0.0	0.0	0.0	0.0	0.0	0.0	0.0	0.0	0.0	0.0	0.0	0.0	0.0	0.0	0.0	0.0	0.0	0.0	0.0	0.0	0.0	0.0	0.0	0.0	0.0	0.0	0.0	0.0	0.0	0.0	0.0	0.0	0.0	0.0	0.0	0.0	0.0	0.0	0.0	0.0	0.0	0.0	0.0	0.0	0.0	0.0	0.0	0.0	0.0	0.0	0.0	0.0	0.0	0.0	0.0	0.0	0.0	0.0	0.0	0.0	0.0	0.0	0.0
160	22639.0	23.0	6.0	0.0	3.0	3.0	0.0	0.0	0.0	0.0	65.0	4.0	3.0	660.0	0.0	16.0	0.0	0.0	0.0	18.0	0.0	14.0	0.0	168.0	0.0	0.0	0.0	0.0	0.0	2.0	0.0	3.0	0.0	23.0	0.0	0.0	1.0	0.0	0.0	0.0	0.0	0.0	0.0	0.0	0.0	30.0	2.0	0.0	0.0	0.0	0.0	4.0	0.0	0.0	0.0	0.0	0.0	0.0	0.0	0.0	0.0	2.0	0.0	0.0	0.0	0.0	0.0	42.0	712.0	23.0	0.0	0.0	0.0	5.0	4.0	0.0	0.0	0.0	0.0	0.0	0.0	0.0	0.0	0.0	0.0	0.0	108.0	3.0	0.0	0.0	0.0	0.0	0.0	0.0	0.0	0.0	199.0	0.0	0.0	0.0	0.0	0.0	0.0	0.0	114.0	0.0	0.0	0.0	0.0	0.0	0.0	0.0	0.0	0.0	0.0	0.0	0.0	0.0	2.0	0.0	0.0	0.0	0.0	0.0	0.0	0.0	0.0	0.0	0.0	0.0	0.0	0.0	0.0	0.0	0.0	0.0	0.0	0.0	0.0	0.0	0.0	0.0	0.0	0.0	0.0	4.0	0.0	0.0	0.0	0.0	0.0	0.0	17.0	0.0	0.0	0.0	0.0	0.0	0.0	0.0	352.0	0.0	0.0	0.0	0.0	0.0	0.0	0.0	0.0	0.0	0.0	0.0	0.0	0.0	0.0	0.0	0.0	0.0	0.0	0.0	0.0	0.0	0.0	0.0	0.0	0.0	0.0	0.0	0.0	0.0	0.0	0.0	0.0	0.0	0.0	0.0	0.0	0.0	0.0	0.0	0.0	0.0	0.0	0.0	0.0	0.0	0.0	0.0	0.0	0.0	0.0	0.0	0.0	3.0	0.0	0.0	0.0	0.0	0.0	0.0	1.0	0.0	0.0	0.0	0.0	0.0	0.0	0.0	0.0	0.0	0.0	0.0	0.0	0.0	0.0	0.0	0.0	0.0	0.0	0.0	0.0	0.0	0.0	0.0	0.0	0.0	0.0	0.0	0.0	0.0	0.0	0.0	3.0	0.0	0.0	0.0	0.0	0.0	0.0	0.0	0.0	0.0	0.0	0.0	2.0	0.0	0.0	0.0	0.0	0.0	0.0	161.0	0.0	3.0	0.0	10.0	69.0	47.0	12.0	7.0	5.0	5.0	3.0	3.0	0.0	0.0	0.0	0.0	0.0	0.0	0.0	0.0	0.0	0.0	0.0	0.0	0.0	0.0	0.0	0.0	0.0	0.0	0.0	0.0	0.0	0.0	0.0	0.0	0.0	0.0	0.0	0.0	0.0	0.0	0.0	0.0	0.0	0.0	0.0	0.0	0.0	0.0	0.0	0.0	0.0	0.0	0.0	0.0	0.0	0.0	0.0	0.0	0.0	0.0	0.0	0.0	0.0	0.0	0.0	0.0	0.0	0.0	0.0	0.0	0.0	0.0	0.0	0.0	0.0	0.0	0.0	0.0	0.0	0.0	0.0	0.0	0.0	0.0	0.0	0.0	0.0	0.0	0.0	0.0	0.0	0.0	0.0	0.0	0.0	0.0	0.0	0.0	0.0	0.0	0.0	0.0	0.0	0.0	0.0	0.0	0.0	0.0	0.0	0.0	0.0	0.0	0.0	0.0	0.0	0.0	0.0	0.0	0.0	0.0	0.0	0.0	0.0	0.0	0.0	0.0	0.0	0.0	0.0	0.0	0.0	0.0	0.0	0.0	0.0	0.0	0.0	0.0	0.0	0.0	0.0	0.0	0.0	0.0	0.0	0.0	0.0	0.0	0.0	0.0	0.0	0.0	0.0	0.0	0.0	0.0	0.0	0.0	0.0	0.0	0.0	0.0	0.0	0.0	0.0	0.0	0.0	0.0	0.0	0.0	0.0	0.0	0.0	0.0	0.0	0.0	0.0	0.0	0.0	0.0	0.0	0.0	0.0	0.0	0.0	0.0	0.0	0.0	0.0	0.0	0.0	0.0	0.0	0.0	0.0	0.0	0.0	0.0	0.0	0.0	0.0	0.0	0.0	0.0	0.0	0.0
3	72.0	5516.0	446.0	53.0	1423.0	0.0	374.0	77.0	0.0	1142.0	41.0	181.0	606.0	0.0	0.0	3.0	1218.0	70.0	0.0	0.0	442.0	8.0	9.0	113.0	0.0	0.0	0.0	291.0	943.0	0.0	3.0	0.0	0.0	6.0	0.0	0.0	0.0	0.0	41.0	197.0	0.0	11.0	0.0	0.0	0.0	94.0	0.0	101.0	11.0	3.0	37.0	612.0	52.0	0.0	0.0	67.0	0.0	0.0	0.0	0.0	0.0	189.0	0.0	0.0	44.0	602.0	0.0	165.0	29.0	319.0	0.0	0.0	79.0	0.0	2.0	0.0	16.0	2.0	0.0	39.0	0.0	818.0	2.0	0.0	0.0	36.0	0.0	0.0	0.0	0.0	8.0	0.0	0.0	12.0	0.0	0.0	0.0	0.0	0.0	45.0	0.0	0.0	0.0	0.0	6.0	3.0	5.0	2.0	0.0	0.0	0.0	0.0	3.0	0.0	0.0	0.0	13.0	0.0	0.0	0.0	0.0	0.0	0.0	0.0	0.0	0.0	2.0	0.0	0.0	0.0	0.0	0.0	0.0	0.0	0.0	0.0	0.0	10.0	0.0	0.0	0.0	0.0	0.0	0.0	0.0	8.0	0.0	9.0	0.0	0.0	0.0	0.0	0.0	9.0	0.0	0.0	0.0	9.0	0.0	0.0	0.0	1.0	0.0	0.0	0.0	0.0	0.0	0.0	34.0	0.0	0.0	0.0	18.0	0.0	4.0	2.0	0.0	0.0	34.0	0.0	0.0	480.0	0.0	0.0	182.0	414.0	0.0	0.0	3.0	0.0	0.0	0.0	0.0	3.0	0.0	0.0	0.0	0.0	0.0	0.0	0.0	0.0	0.0	0.0	0.0	0.0	0.0	0.0	0.0	2.0	0.0	0.0	7.0	0.0	0.0	2.0	0.0	0.0	71.0	0.0	0.0	0.0	0.0	58.0	0.0	0.0	23.0	0.0	0.0	16.0	0.0	0.0	0.0	0.0	11.0	0.0	0.0	8.0	11.0	8.0	6.0	1.0	0.0	0.0	0.0	2.0	0.0	2.0	0.0	23.0	0.0	0.0	0.0	116.0	16.0	0.0	1.0	0.0	0.0	0.0	0.0	2.0	0.0	0.0	0.0	0.0	3.0	3.0	0.0	0.0	0.0	0.0	4.0	0.0	2.0	2.0	0.0	4.0	0.0	0.0	0.0	0.0	0.0	0.0	111.0	63.0	51.0	31.0	31.0	29.0	19.0	13.0	12.0	12.0	10.0	9.0	7.0	7.0	7.0	5.0	5.0	5.0	3.0	3.0	2.0	2.0	2.0	2.0	2.0	2.0	1.0	0.0	0.0	0.0	0.0	0.0	0.0	0.0	0.0	0.0	0.0	0.0	0.0	0.0	0.0	0.0	0.0	0.0	0.0	0.0	0.0	0.0	0.0	0.0	0.0	0.0	0.0	0.0	0.0	0.0	0.0	0.0	0.0	0.0	0.0	0.0	0.0	0.0	0.0	0.0	0.0	0.0	0.0	0.0	0.0	0.0	0.0	0.0	0.0	0.0	0.0	0.0	0.0	0.0	0.0	0.0	0.0	0.0	0.0	0.0	0.0	0.0	0.0	0.0	0.0	0.0	0.0	0.0	0.0	0.0	0.0	0.0	0.0	0.0	0.0	0.0	0.0	0.0	0.0	0.0	0.0	0.0	0.0	0.0	0.0	0.0	0.0	0.0	0.0	0.0	0.0	0.0	0.0	0.0	0.0	0.0	0.0	0.0	0.0	0.0	0.0	0.0	0.0	0.0	0.0	0.0	0.0	0.0	0.0	0.0	0.0	0.0	0.0	0.0	0.0	0.0	0.0	0.0	0.0	0.0	0.0	0.0	0.0	0.0	0.0	0.0	0.0	0.0	0.0	0.0	0.0	0.0	0.0	0.0	0.0	0.0	0.0	0.0	0.0	0.0	0.0	0.0	0.0	0.0	0.0	0.0	0.0	0.0	0.0	0.0	0.0	0.0	0.0	0.0	0.0	0.0	0.0	0.0	0.0	0.0	0.0	0.0	0.0	0.0	0.0	0.0	0.0	0.0	0.0	0.0
6165	4578.0	625.0	284.0	459.0	34.0	52.0	27.0	2.0	0.0	151.0	169.0	149.0	202.0	4.0	0.0	39.0	213.0	0.0	3.0	0.0	68.0	41.0	0.0	2578.0	0.0	54.0	40.0	60.0	265.0	0.0	0.0	0.0	0.0	11.0	0.0	2.0	1.0	508.0	0.0	15.0	0.0	0.0	0.0	5.0	0.0	2.0	4.0	1.0	0.0	107.0	11.0	0.0	0.0	2.0	0.0	0.0	0.0	0.0	1.0	0.0	4364.0	387.0	0.0	2.0	0.0	0.0	0.0	66.0	62.0	330.0	0.0	0.0	3.0	3.0	22.0	0.0	0.0	0.0	0.0	0.0	11.0	0.0	0.0	0.0	0.0	0.0	0.0	0.0	0.0	0.0	0.0	1.0	0.0	0.0	0.0	0.0	2.0	0.0	6.0	6.0	0.0	0.0	0.0	0.0	0.0	0.0	2.0	0.0	0.0	0.0	0.0	0.0	0.0	0.0	0.0	0.0	0.0	0.0	0.0	0.0	0.0	0.0	0.0	0.0	0.0	0.0	0.0	0.0	5.0	0.0	0.0	0.0	0.0	0.0	0.0	0.0	0.0	0.0	0.0	0.0	0.0	0.0	0.0	0.0	0.0	0.0	0.0	0.0	0.0	0.0	0.0	0.0	0.0	0.0	0.0	0.0	0.0	0.0	0.0	0.0	0.0	0.0	0.0	0.0	0.0	0.0	0.0	0.0	5.0	0.0	0.0	0.0	0.0	0.0	0.0	0.0	0.0	0.0	90.0	0.0	0.0	31.0	0.0	0.0	0.0	52.0	0.0	0.0	0.0	0.0	0.0	0.0	0.0	0.0	0.0	0.0	0.0	0.0	0.0	0.0	0.0	0.0	0.0	0.0	0.0	0.0	0.0	0.0	0.0	0.0	0.0	0.0	1.0	0.0	0.0	0.0	0.0	0.0	0.0	0.0	0.0	26.0	0.0	2.0	0.0	0.0	0.0	0.0	0.0	3.0	0.0	0.0	0.0	0.0	0.0	0.0	0.0	4.0	0.0	0.0	0.0	0.0	0.0	0.0	0.0	0.0	0.0	0.0	0.0	0.0	0.0	0.0	0.0	0.0	0.0	0.0	0.0	0.0	0.0	0.0	0.0	0.0	0.0	0.0	0.0	0.0	0.0	0.0	0.0	0.0	0.0	0.0	0.0	0.0	0.0	5.0	0.0	0.0	0.0	0.0	0.0	2.0	0.0	0.0	0.0	0.0	0.0	0.0	0.0	0.0	0.0	0.0	0.0	0.0	0.0	0.0	0.0	0.0	0.0	0.0	0.0	0.0	0.0	0.0	0.0	0.0	0.0	0.0	0.0	0.0	0.0	60.0	14.0	14.0	0.0	0.0	0.0	0.0	0.0	0.0	0.0	0.0	0.0	0.0	0.0	0.0	0.0	0.0	0.0	0.0	0.0	0.0	0.0	0.0	0.0	0.0	0.0	0.0	0.0	0.0	0.0	0.0	0.0	0.0	0.0	0.0	0.0	0.0	0.0	0.0	0.0	0.0	0.0	0.0	0.0	0.0	0.0	0.0	0.0	0.0	0.0	0.0	0.0	0.0	0.0	0.0	0.0	0.0	0.0	0.0	0.0	0.0	0.0	0.0	0.0	0.0	0.0	0.0	0.0	0.0	0.0	0.0	0.0	0.0	0.0	0.0	0.0	0.0	0.0	0.0	0.0	0.0	0.0	0.0	0.0	0.0	0.0	0.0	0.0	0.0	0.0	0.0	0.0	0.0	0.0	0.0	0.0	0.0	0.0	0.0	0.0	0.0	0.0	0.0	0.0	0.0	0.0	0.0	0.0	0.0	0.0	0.0	0.0	0.0	0.0	0.0	0.0	0.0	0.0	0.0	0.0	0.0	0.0	0.0	0.0	0.0	0.0	0.0	0.0	0.0	0.0	0.0	0.0	0.0	0.0	0.0	0.0	0.0	0.0	0.0	0.0	0.0	0.0	0.0	0.0	0.0	0.0	0.0	0.0	0.0	0.0	0.0	0.0	0.0	0.0	0.0	0.0	0.0	0.0	0.0	0.0	0.0	0.0	0.0	0.0	0.0	0.0	0.0	0.0	0.0
715	236.0	2174.0	0.0	768.0	0.0	3.0	209.0	63.0	47.0	564.0	6.0	444.0	0.0	5.0	3.0	0.0	832.0	0.0	0.0	0.0	622.0	0.0	0.0	142.0	0.0	0.0	31.0	155.0	415.0	0.0	0.0	3.0	0.0	0.0	0.0	0.0	0.0	0.0	16.0	835.0	0.0	42.0	0.0	7.0	13.0	85.0	0.0	0.0	0.0	156.0	0.0	65.0	273.0	0.0	0.0	13.0	0.0	0.0	0.0	0.0	0.0	606.0	0.0	56.0	0.0	241.0	0.0	383.0	31.0	0.0	5.0	0.0	115.0	0.0	0.0	0.0	0.0	2.0	425.0	37.0	0.0	0.0	0.0	0.0	0.0	0.0	9.0	0.0	106.0	0.0	44.0	0.0	0.0	0.0	0.0	45.0	0.0	49.0	0.0	5.0	0.0	0.0	0.0	22.0	6.0	0.0	0.0	16.0	0.0	0.0	0.0	0.0	0.0	0.0	0.0	0.0	0.0	0.0	2.0	0.0	0.0	0.0	0.0	86.0	0.0	0.0	12.0	0.0	0.0	0.0	0.0	0.0	0.0	0.0	6.0	0.0	0.0	21.0	82.0	0.0	6.0	10.0	0.0	0.0	0.0	14.0	6.0	0.0	0.0	0.0	0.0	0.0	0.0	17.0	0.0	2.0	0.0	100.0	19.0	0.0	4.0	0.0	0.0	0.0	27.0	13.0	0.0	2.0	0.0	7.0	0.0	18.0	5.0	0.0	0.0	0.0	0.0	0.0	20.0	0.0	0.0	133.0	0.0	0.0	0.0	0.0	0.0	0.0	0.0	0.0	0.0	0.0	0.0	0.0	0.0	542.0	0.0	0.0	0.0	0.0	0.0	0.0	0.0	0.0	0.0	0.0	0.0	0.0	0.0	0.0	0.0	0.0	12.0	0.0	69.0	4.0	0.0	0.0	0.0	650.0	242.0	0.0	0.0	0.0	915.0	6.0	12.0	0.0	98.0	0.0	0.0	0.0	0.0	0.0	0.0	0.0	0.0	8.0	0.0	68.0	0.0	181.0	0.0	8.0	65.0	0.0	0.0	0.0	86.0	0.0	3.0	0.0	0.0	102.0	316.0	0.0	1624.0	0.0	30.0	3.0	0.0	1.0	65.0	0.0	0.0	0.0	0.0	0.0	0.0	0.0	0.0	4.0	0.0	0.0	47.0	0.0	0.0	0.0	0.0	0.0	0.0	0.0	0.0	0.0	100.0	0.0	45.0	0.0	0.0	0.0	0.0	28.0	0.0	0.0	0.0	0.0	0.0	0.0	0.0	0.0	0.0	0.0	68.0	20.0	5.0	0.0	0.0	1.0	0.0	0.0	55.0	139.0	0.0	0.0	443.0	143.0	61.0	53.0	36.0	34.0	33.0	33.0	33.0	32.0	31.0	29.0	23.0	21.0	20.0	20.0	19.0	16.0	15.0	11.0	10.0	8.0	7.0	7.0	6.0	5.0	4.0	3.0	3.0	1.0	0.0	0.0	0.0	0.0	0.0	0.0	0.0	0.0	0.0	0.0	0.0	0.0	0.0	0.0	0.0	0.0	0.0	0.0	0.0	0.0	0.0	0.0	0.0	0.0	0.0	0.0	0.0	0.0	0.0	0.0	0.0	0.0	0.0	0.0	0.0	0.0	0.0	0.0	0.0	0.0	0.0	0.0	0.0	0.0	0.0	0.0	0.0	0.0	0.0	0.0	0.0	0.0	0.0	0.0	0.0	0.0	0.0	0.0	0.0	0.0	0.0	0.0	0.0	0.0	0.0	0.0	0.0	0.0	0.0	0.0	0.0	0.0	0.0	0.0	0.0	0.0	0.0	0.0	0.0	0.0	0.0	0.0	0.0	0.0	0.0	0.0	0.0	0.0	0.0	0.0	0.0	0.0	0.0	0.0	0.0	0.0	0.0	0.0	0.0	0.0	0.0	0.0	0.0	0.0	0.0	0.0	0.0	0.0	0.0	0.0	0.0	0.0	0.0	0.0	0.0	0.0	0.0	0.0	0.0	0.0	0.0	0.0	0.0	0.0	0.0	0.0	0.0	0.0	0.0	0.0	0.0	0.0	0.0	0.0	0.0	0.0
147	355.0	15466.0	0.0	0.0	0.0	6.0	0.0	0.0	0.0	181.0	5.0	51.0	1812.0	32.0	0.0	4.0	688.0	0.0	0.0	0.0	585.0	11.0	0.0	303.0	0.0	1.0	12.0	0.0	109.0	0.0	0.0	0.0	0.0	1.0	0.0	1.0	1.0	0.0	0.0	0.0	15.0	0.0	0.0	161.0	0.0	0.0	0.0	17.0	0.0	33.0	0.0	35.0	0.0	0.0	0.0	0.0	0.0	0.0	0.0	0.0	0.0	43.0	0.0	0.0	0.0	0.0	0.0	19.0	6.0	0.0	7.0	0.0	0.0	0.0	445.0	0.0	0.0	0.0	0.0	0.0	0.0	0.0	0.0	0.0	0.0	0.0	2.0	0.0	0.0	0.0	0.0	0.0	0.0	0.0	0.0	0.0	0.0	0.0	0.0	0.0	0.0	0.0	0.0	0.0	14.0	7.0	2.0	0.0	0.0	0.0	0.0	0.0	0.0	0.0	0.0	0.0	0.0	0.0	0.0	0.0	0.0	0.0	0.0	0.0	0.0	0.0	0.0	0.0	0.0	0.0	0.0	0.0	0.0	0.0	0.0	0.0	0.0	0.0	0.0	0.0	0.0	0.0	0.0	0.0	0.0	0.0	0.0	0.0	0.0	0.0	0.0	2.0	7.0	0.0	0.0	0.0	0.0	0.0	0.0	0.0	0.0	0.0	0.0	0.0	0.0	0.0	0.0	0.0	0.0	0.0	0.0	0.0	0.0	0.0	19.0	0.0	0.0	0.0	0.0	0.0	0.0	0.0	0.0	0.0	0.0	0.0	0.0	0.0	0.0	0.0	0.0	0.0	0.0	0.0	0.0	0.0	0.0	0.0	0.0	0.0	0.0	0.0	0.0	0.0	0.0	0.0	0.0	0.0	0.0	0.0	0.0	0.0	0.0	0.0	0.0	0.0	0.0	0.0	0.0	0.0	0.0	0.0	0.0	0.0	0.0	0.0	0.0	0.0	0.0	0.0	0.0	0.0	0.0	0.0	0.0	0.0	0.0	0.0	0.0	0.0	0.0	0.0	0.0	0.0	0.0	0.0	0.0	0.0	0.0	0.0	0.0	0.0	0.0	51.0	0.0	0.0	0.0	0.0	0.0	0.0	0.0	0.0	0.0	0.0	0.0	0.0	0.0	0.0	0.0	0.0	0.0	0.0	0.0	0.0	0.0	5.0	0.0	0.0	0.0	0.0	0.0	0.0	0.0	0.0	0.0	0.0	0.0	0.0	0.0	0.0	0.0	0.0	0.0	0.0	0.0	0.0	0.0	0.0	0.0	0.0	0.0	0.0	0.0	0.0	0.0	0.0	0.0	0.0	0.0	0.0	0.0	0.0	0.0	0.0	0.0	0.0	0.0	0.0	0.0	0.0	0.0	0.0	0.0	0.0	0.0	0.0	0.0	0.0	0.0	0.0	0.0	0.0	0.0	0.0	0.0	0.0	0.0	0.0	0.0	0.0	0.0	0.0	0.0	0.0	326.0	169.0	113.0	37.0	23.0	22.0	5.0	3.0	0.0	0.0	0.0	0.0	0.0	0.0	0.0	0.0	0.0	0.0	0.0	0.0	0.0	0.0	0.0	0.0	0.0	0.0	0.0	0.0	0.0	0.0	0.0	0.0	0.0	0.0	0.0	0.0	0.0	0.0	0.0	0.0	0.0	0.0	0.0	0.0	0.0	0.0	0.0	0.0	0.0	0.0	0.0	0.0	0.0	0.0	0.0	0.0	0.0	0.0	0.0	0.0	0.0	0.0	0.0	0.0	0.0	0.0	0.0	0.0	0.0	0.0	0.0	0.0	0.0	0.0	0.0	0.0	0.0	0.0	0.0	0.0	0.0	0.0	0.0	0.0	0.0	0.0	0.0	0.0	0.0	0.0	0.0	0.0	0.0	0.0	0.0	0.0	0.0	0.0	0.0	0.0	0.0	0.0	0.0	0.0	0.0	0.0	0.0	0.0	0.0	0.0	0.0	0.0	0.0	0.0	0.0	0.0	0.0	0.0	0.0	0.0	0.0	0.0	0.0	0.0	0.0	0.0	0.0	0.0	0.0	0.0	0.0	0.0	0.0	0.0	0.0	0.0
523	269.0	536.0	0.0	11.0	8.0	29.0	8.0	20.0	6.0	863.0	0.0	1859.0	146.0	18.0	0.0	158.0	23.0	0.0	0.0	70.0	15.0	0.0	0.0	446.0	0.0	0.0	24.0	230.0	69.0	2.0	0.0	0.0	0.0	13.0	0.0	0.0	0.0	0.0	0.0	71.0	0.0	2.0	0.0	18.0	0.0	0.0	0.0	0.0	0.0	0.0	0.0	0.0	0.0	4.0	0.0	0.0	0.0	151.0	0.0	0.0	2535.0	0.0	0.0	0.0	0.0	0.0	0.0	7.0	0.0	304.0	374.0	0.0	22.0	6.0	2368.0	51.0	410.0	179.0	0.0	101.0	25.0	45.0	3.0	0.0	0.0	8.0	44.0	0.0	0.0	75.0	0.0	0.0	0.0	0.0	0.0	0.0	911.0	0.0	0.0	10.0	8.0	0.0	0.0	0.0	3.0	0.0	2.0	7.0	11.0	0.0	0.0	0.0	0.0	0.0	0.0	0.0	0.0	6.0	0.0	0.0	0.0	0.0	0.0	0.0	0.0	0.0	0.0	38.0	0.0	10.0	187.0	0.0	6.0	0.0	0.0	0.0	0.0	0.0	0.0	0.0	0.0	5.0	0.0	0.0	15.0	0.0	0.0	0.0	5.0	0.0	7.0	0.0	350.0	8.0	0.0	0.0	18.0	8.0	0.0	11.0	8.0	0.0	0.0	0.0	0.0	0.0	0.0	0.0	4.0	53.0	0.0	116.0	3.0	0.0	0.0	8.0	0.0	0.0	417.0	0.0	0.0	297.0	34.0	0.0	0.0	117.0	0.0	0.0	0.0	0.0	0.0	0.0	0.0	8.0	0.0	0.0	7.0	0.0	0.0	0.0	0.0	9.0	0.0	0.0	0.0	0.0	0.0	0.0	0.0	0.0	0.0	0.0	0.0	0.0	0.0	0.0	0.0	0.0	0.0	0.0	0.0	3.0	0.0	3.0	0.0	0.0	0.0	0.0	17.0	0.0	0.0	0.0	0.0	0.0	0.0	20.0	0.0	5.0	0.0	0.0	0.0	8.0	0.0	0.0	0.0	0.0	0.0	0.0	0.0	0.0	0.0	0.0	4.0	0.0	0.0	0.0	0.0	4.0	0.0	0.0	0.0	0.0	2.0	0.0	8.0	4.0	0.0	6771.0	0.0	0.0	0.0	0.0	0.0	0.0	0.0	0.0	0.0	0.0	0.0	0.0	0.0	0.0	0.0	0.0	0.0	4.0	0.0	27.0	0.0	0.0	0.0	0.0	0.0	0.0	0.0	0.0	0.0	2.0	0.0	0.0	0.0	0.0	0.0	0.0	0.0	0.0	0.0	0.0	0.0	2.0	0.0	0.0	0.0	0.0	0.0	0.0	0.0	0.0	0.0	0.0	0.0	0.0	0.0	0.0	0.0	0.0	0.0	0.0	0.0	3.0	0.0	0.0	0.0	99.0	0.0	0.0	0.0	0.0	0.0	0.0	42.0	0.0	0.0	0.0	0.0	0.0	81.0	0.0	0.0	0.0	0.0	0.0	352.0	165.0	123.0	81.0	73.0	56.0	36.0	28.0	23.0	21.0	15.0	12.0	10.0	9.0	6.0	6.0	5.0	3.0	3.0	2.0	2.0	0.0	0.0	0.0	0.0	0.0	0.0	0.0	0.0	0.0	0.0	0.0	0.0	0.0	0.0	0.0	0.0	0.0	0.0	0.0	0.0	0.0	0.0	0.0	0.0	0.0	0.0	0.0	0.0	0.0	0.0	0.0	0.0	0.0	0.0	0.0	0.0	0.0	0.0	0.0	0.0	0.0	0.0	0.0	0.0	0.0	0.0	0.0	0.0	0.0	0.0	0.0	0.0	0.0	0.0	0.0	0.0	0.0	0.0	0.0	0.0	0.0	0.0	0.0	0.0	0.0	0.0	0.0	0.0	0.0	0.0	0.0	0.0	0.0	0.0	0.0	0.0	0.0	0.0	0.0	0.0	0.0	0.0	0.0	0.0	0.0	0.0	0.0	0.0	0.0	0.0	0.0	0.0	0.0	0.0	0.0	0.0	0.0	0.0	0.0	0.0	0.0	0.0	0.0	0.0	0.0	0.0	0.0
50070	822.0	8854.0	187.0	745.0	608.0	51.0	178.0	11.0	0.0	306.0	592.0	658.0	1525.0	0.0	2.0	104.0	38.0	18.0	10.0	1062.0	50.0	96.0	0.0	210.0	0.0	40.0	3.0	707.0	97.0	34.0	0.0	0.0	0.0	184.0	21.0	0.0	8.0	0.0	0.0	6.0	0.0	0.0	0.0	16.0	0.0	18.0	17.0	0.0	0.0	218.0	232.0	193.0	0.0	5.0	0.0	0.0	0.0	0.0	16.0	0.0	2.0	0.0	0.0	0.0	2.0	0.0	0.0	104.0	3.0	2056.0	1.0	0.0	21.0	2459.0	1150.0	0.0	0.0	366.0	0.0	11.0	359.0	0.0	1572.0	17.0	0.0	0.0	0.0	0.0	0.0	0.0	12.0	0.0	2.0	0.0	0.0	0.0	16.0	0.0	45.0	44.0	0.0	0.0	0.0	0.0	10.0	0.0	0.0	0.0	0.0	0.0	0.0	2.0	2.0	0.0	0.0	0.0	0.0	0.0	0.0	0.0	0.0	0.0	0.0	0.0	0.0	0.0	0.0	24.0	0.0	0.0	0.0	0.0	0.0	0.0	0.0	0.0	0.0	0.0	0.0	0.0	0.0	0.0	5.0	26.0	9.0	0.0	0.0	0.0	0.0	0.0	0.0	0.0	0.0	4.0	2.0	0.0	10.0	0.0	0.0	0.0	0.0	28.0	0.0	0.0	0.0	0.0	0.0	0.0	8.0	0.0	0.0	0.0	2.0	0.0	0.0	0.0	0.0	0.0	681.0	0.0	0.0	118.0	0.0	0.0	0.0	31.0	0.0	0.0	14.0	0.0	0.0	0.0	0.0	0.0	0.0	2.0	0.0	34.0	0.0	0.0	0.0	0.0	0.0	0.0	0.0	0.0	0.0	0.0	0.0	0.0	0.0	0.0	0.0	10.0	0.0	0.0	0.0	0.0	0.0	0.0	149.0	0.0	0.0	0.0	0.0	0.0	6.0	0.0	0.0	3.0	0.0	0.0	0.0	0.0	0.0	0.0	0.0	0.0	0.0	0.0	0.0	0.0	0.0	0.0	0.0	0.0	0.0	0.0	0.0	0.0	0.0	5.0	0.0	0.0	6.0	0.0	0.0	0.0	0.0	0.0	0.0	3.0	0.0	0.0	11.0	24.0	0.0	0.0	0.0	0.0	0.0	0.0	0.0	0.0	0.0	4.0	0.0	22.0	0.0	0.0	0.0	0.0	0.0	0.0	0.0	0.0	0.0	0.0	0.0	0.0	0.0	0.0	0.0	0.0	0.0	8.0	0.0	0.0	0.0	0.0	0.0	0.0	0.0	0.0	0.0	0.0	0.0	0.0	0.0	11.0	0.0	0.0	0.0	0.0	0.0	0.0	0.0	277.0	0.0	0.0	0.0	0.0	0.0	0.0	0.0	0.0	0.0	0.0	0.0	0.0	0.0	0.0	0.0	18.0	0.0	0.0	0.0	0.0	0.0	0.0	0.0	0.0	0.0	0.0	0.0	0.0	0.0	0.0	0.0	0.0	0.0	0.0	0.0	0.0	0.0	0.0	0.0	0.0	13.0	0.0	0.0	0.0	0.0	0.0	0.0	0.0	0.0	0.0	0.0	0.0	0.0	0.0	0.0	49.0	46.0	32.0	12.0	7.0	3.0	3.0	2.0	0.0	0.0	0.0	0.0	0.0	0.0	0.0	0.0	0.0	0.0	0.0	0.0	0.0	0.0	0.0	0.0	0.0	0.0	0.0	0.0	0.0	0.0	0.0	0.0	0.0	0.0	0.0	0.0	0.0	0.0	0.0	0.0	0.0	0.0	0.0	0.0	0.0	0.0	0.0	0.0	0.0	0.0	0.0	0.0	0.0	0.0	0.0	0.0	0.0	0.0	0.0	0.0	0.0	0.0	0.0	0.0	0.0	0.0	0.0	0.0	0.0	0.0	0.0	0.0	0.0	0.0	0.0	0.0	0.0	0.0	0.0	0.0	0.0	0.0	0.0	0.0	0.0	0.0	0.0	0.0	0.0	0.0	0.0	0.0	0.0	0.0	0.0	0.0	0.0	0.0	0.0	0.0	0.0	0.0	0.0	0.0	0.0	0.0	0.0
80142	1189.0	431.0	61.0	274.0	877.0	23.0	223.0	0.0	0.0	2669.0	92.0	1098.0	38.0	0.0	6.0	67.0	865.0	0.0	0.0	0.0	48.0	0.0	0.0	436.0	0.0	0.0	21.0	54.0	239.0	4.0	0.0	10.0	2.0	8.0	0.0	0.0	1.0	26.0	16.0	1034.0	0.0	0.0	0.0	8.0	0.0	7.0	0.0	0.0	0.0	366.0	14.0	135.0	0.0	0.0	0.0	0.0	0.0	186.0	70.0	0.0	1812.0	3209.0	0.0	2.0	0.0	257.0	0.0	108.0	0.0	420.0	11.0	0.0	36.0	31.0	339.0	0.0	0.0	13.0	0.0	48.0	14.0	0.0	3.0	0.0	0.0	0.0	113.0	4.0	0.0	6.0	62.0	0.0	60.0	0.0	0.0	7.0	1632.0	0.0	0.0	41.0	0.0	0.0	0.0	4.0	2.0	0.0	0.0	0.0	8.0	0.0	0.0	0.0	3.0	0.0	0.0	0.0	0.0	0.0	0.0	0.0	0.0	0.0	0.0	0.0	0.0	0.0	5.0	0.0	0.0	0.0	0.0	2.0	0.0	0.0	0.0	0.0	21.0	0.0	0.0	0.0	0.0	0.0	0.0	0.0	0.0	3.0	0.0	15.0	0.0	0.0	0.0	0.0	60.0	0.0	0.0	30.0	0.0	0.0	0.0	0.0	2.0	0.0	0.0	0.0	0.0	52.0	0.0	0.0	38.0	6.0	0.0	0.0	0.0	0.0	0.0	0.0	0.0	0.0	118.0	0.0	0.0	0.0	0.0	0.0	0.0	51.0	0.0	41.0	0.0	0.0	0.0	0.0	0.0	0.0	0.0	0.0	0.0	0.0	21.0	0.0	0.0	0.0	0.0	0.0	0.0	0.0	0.0	0.0	39.0	0.0	0.0	0.0	82.0	0.0	0.0	0.0	0.0	116.0	0.0	0.0	0.0	0.0	0.0	24.0	13.0	12.0	0.0	0.0	0.0	0.0	0.0	1.0	0.0	0.0	0.0	0.0	0.0	25.0	0.0	0.0	0.0	6.0	2.0	0.0	0.0	0.0	0.0	0.0	8.0	0.0	0.0	0.0	0.0	0.0	0.0	0.0	0.0	0.0	0.0	21.0	0.0	0.0	0.0	0.0	0.0	0.0	5.0	0.0	0.0	0.0	128.0	0.0	0.0	0.0	4.0	3.0	0.0	0.0	0.0	0.0	0.0	0.0	9.0	0.0	2.0	25.0	32.0	0.0	0.0	0.0	0.0	0.0	0.0	0.0	0.0	0.0	0.0	0.0	0.0	0.0	0.0	0.0	0.0	0.0	3.0	0.0	0.0	5.0	0.0	2.0	0.0	0.0	0.0	0.0	0.0	0.0	1.0	0.0	0.0	13.0	0.0	0.0	0.0	0.0	0.0	12.0	0.0	0.0	0.0	0.0	0.0	0.0	0.0	16.0	0.0	0.0	0.0	0.0	0.0	0.0	0.0	41.0	0.0	0.0	0.0	0.0	0.0	0.0	0.0	0.0	5.0	18.0	0.0	0.0	0.0	6.0	0.0	0.0	0.0	0.0	0.0	0.0	0.0	0.0	0.0	0.0	0.0	0.0	0.0	0.0	5.0	4.0	0.0	0.0	0.0	0.0	0.0	0.0	2.0	0.0	0.0	414.0	126.0	122.0	98.0	33.0	26.0	23.0	20.0	19.0	13.0	10.0	9.0	9.0	6.0	5.0	5.0	3.0	0.0	0.0	0.0	0.0	0.0	0.0	0.0	0.0	0.0	0.0	0.0	0.0	0.0	0.0	0.0	0.0	0.0	0.0	0.0	0.0	0.0	0.0	0.0	0.0	0.0	0.0	0.0	0.0	0.0	0.0	0.0	0.0	0.0	0.0	0.0	0.0	0.0	0.0	0.0	0.0	0.0	0.0	0.0	0.0	0.0	0.0	0.0	0.0	0.0	0.0	0.0	0.0	0.0	0.0	0.0	0.0	0.0	0.0	0.0	0.0	0.0	0.0	0.0	0.0	0.0	0.0	0.0	0.0	0.0	0.0	0.0	0.0	0.0	0.0	0.0	0.0	0.0	0.0	0.0	0.0	0.0	0.0
678	11415.0	1334.0	143.0	28.0	190.0	2.0	61.0	5.0	0.0	359.0	0.0	78.0	327.0	0.0	0.0	0.0	359.0	0.0	0.0	0.0	80.0	3.0	0.0	6.0	0.0	0.0	71.0	5.0	107.0	0.0	6.0	6.0	0.0	0.0	0.0	0.0	0.0	0.0	10.0	0.0	68.0	2.0	2.0	7.0	0.0	24.0	0.0	0.0	0.0	110.0	0.0	6.0	17.0	0.0	0.0	0.0	0.0	2.0	0.0	0.0	0.0	38.0	3.0	4.0	35.0	0.0	6.0	58.0	0.0	128.0	5.0	0.0	0.0	9.0	63.0	0.0	0.0	0.0	0.0	31.0	0.0	0.0	2.0	0.0	0.0	4.0	0.0	0.0	0.0	0.0	0.0	0.0	0.0	3.0	0.0	0.0	16.0	0.0	0.0	0.0	0.0	0.0	0.0	0.0	0.0	0.0	0.0	3.0	0.0	0.0	0.0	0.0	0.0	0.0	0.0	0.0	0.0	0.0	0.0	0.0	0.0	0.0	0.0	0.0	0.0	0.0	0.0	0.0	0.0	0.0	0.0	0.0	0.0	0.0	0.0	0.0	0.0	0.0	0.0	0.0	0.0	6.0	0.0	0.0	0.0	0.0	0.0	6.0	13.0	0.0	0.0	0.0	0.0	3.0	0.0	0.0	0.0	0.0	0.0	0.0	0.0	0.0	0.0	0.0	0.0	0.0	0.0	0.0	9.0	0.0	0.0	18.0	10.0	0.0	3.0	0.0	0.0	0.0	0.0	0.0	0.0	0.0	0.0	0.0	135.0	8.0	0.0	0.0	0.0	0.0	0.0	0.0	0.0	5.0	0.0	0.0	0.0	0.0	0.0	0.0	0.0	0.0	0.0	0.0	0.0	0.0	0.0	0.0	0.0	0.0	0.0	0.0	0.0	0.0	0.0	52.0	0.0	0.0	0.0	0.0	0.0	0.0	0.0	20.0	0.0	0.0	23.0	0.0	0.0	4.0	0.0	0.0	0.0	0.0	0.0	0.0	0.0	0.0	0.0	44.0	0.0	2.0	0.0	0.0	0.0	0.0	0.0	0.0	0.0	0.0	0.0	0.0	0.0	123.0	0.0	0.0	0.0	0.0	0.0	0.0	18.0	0.0	0.0	0.0	0.0	0.0	0.0	2.0	0.0	0.0	0.0	10.0	0.0	387.0	0.0	0.0	0.0	0.0	0.0	4.0	0.0	0.0	0.0	6.0	4.0	0.0	9.0	0.0	0.0	0.0	0.0	0.0	0.0	0.0	0.0	0.0	0.0	0.0	0.0	0.0	0.0	0.0	0.0	0.0	0.0	0.0	0.0	0.0	4.0	0.0	0.0	39.0	0.0	0.0	0.0	0.0	3.0	0.0	2.0	0.0	0.0	0.0	0.0	0.0	0.0	0.0	0.0	2.0	0.0	0.0	0.0	0.0	0.0	0.0	0.0	2.0	0.0	0.0	0.0	6.0	0.0	0.0	22.0	0.0	0.0	0.0	0.0	0.0	92.0	0.0	0.0	0.0	0.0	0.0	0.0	0.0	0.0	0.0	0.0	0.0	5.0	0.0	0.0	0.0	0.0	0.0	0.0	0.0	0.0	0.0	5.0	0.0	0.0	0.0	0.0	0.0	3.0	0.0	2.0	0.0	0.0	0.0	0.0	0.0	0.0	0.0	0.0	0.0	0.0	0.0	0.0	0.0	0.0	0.0	0.0	5.0	0.0	0.0	19.0	10.0	10.0	6.0	4.0	3.0	2.0	0.0	0.0	0.0	0.0	0.0	0.0	0.0	0.0	0.0	0.0	0.0	0.0	0.0	0.0	0.0	0.0	0.0	0.0	0.0	0.0	0.0	0.0	0.0	0.0	0.0	0.0	0.0	0.0	0.0	0.0	0.0	0.0	0.0	0.0	0.0	0.0	0.0	0.0	0.0	0.0	0.0	0.0	0.0	0.0	0.0	0.0	0.0	0.0	0.0	0.0	0.0	0.0	0.0	0.0	0.0	0.0	0.0	0.0	0.0	0.0	0.0	0.0	0.0	0.0	0.0	0.0	0.0	0.0	0.0	0.0	0.0	0.0	0.0	0.0	0.0
528	697.0	267.0	949.0	80.0	346.0	3.0	0.0	11.0	0.0	453.0	33.0	1059.0	1757.0	2.0	29.0	0.0	1093.0	3.0	0.0	1769.0	33.0	2.0	0.0	1331.0	0.0	17.0	1.0	340.0	39.0	0.0	0.0	4.0	0.0	31.0	0.0	0.0	5.0	796.0	9.0	10.0	0.0	0.0	0.0	10.0	0.0	0.0	0.0	27.0	0.0	1.0	21.0	312.0	0.0	0.0	0.0	3.0	0.0	0.0	0.0	0.0	23.0	30.0	0.0	0.0	0.0	0.0	0.0	31.0	536.0	971.0	90.0	0.0	0.0	479.0	916.0	0.0	0.0	103.0	5.0	24.0	70.0	0.0	96.0	0.0	0.0	0.0	161.0	1.0	0.0	0.0	21.0	0.0	7.0	0.0	0.0	0.0	171.0	0.0	2.0	19.0	2.0	0.0	0.0	1.0	2.0	0.0	0.0	0.0	9.0	0.0	0.0	0.0	0.0	0.0	0.0	0.0	0.0	0.0	0.0	0.0	0.0	0.0	0.0	0.0	0.0	0.0	0.0	0.0	2.0	0.0	0.0	0.0	0.0	0.0	0.0	0.0	0.0	0.0	3.0	0.0	0.0	0.0	0.0	0.0	0.0	2.0	0.0	0.0	0.0	0.0	0.0	2.0	61.0	0.0	0.0	0.0	0.0	0.0	0.0	0.0	0.0	2.0	0.0	0.0	0.0	0.0	0.0	0.0	0.0	0.0	4.0	0.0	0.0	0.0	0.0	0.0	0.0	0.0	53.0	0.0	0.0	0.0	0.0	0.0	0.0	58.0	0.0	0.0	0.0	0.0	14.0	0.0	0.0	0.0	0.0	5.0	0.0	0.0	0.0	0.0	0.0	0.0	0.0	0.0	0.0	0.0	0.0	0.0	0.0	0.0	0.0	2.0	4.0	0.0	0.0	0.0	0.0	0.0	4.0	0.0	8.0	0.0	0.0	0.0	2.0	0.0	3.0	0.0	0.0	0.0	0.0	0.0	0.0	0.0	2.0	0.0	0.0	83.0	0.0	0.0	0.0	0.0	0.0	0.0	0.0	0.0	0.0	0.0	0.0	0.0	0.0	0.0	0.0	2.0	0.0	0.0	0.0	0.0	0.0	0.0	0.0	0.0	0.0	0.0	2.0	0.0	0.0	14.0	0.0	0.0	0.0	0.0	0.0	0.0	0.0	6.0	0.0	0.0	0.0	0.0	5.0	5.0	10.0	0.0	0.0	0.0	0.0	0.0	0.0	0.0	0.0	0.0	0.0	0.0	0.0	0.0	0.0	0.0	0.0	0.0	0.0	0.0	0.0	0.0	0.0	9.0	0.0	0.0	0.0	0.0	0.0	0.0	0.0	0.0	0.0	0.0	0.0	0.0	0.0	0.0	0.0	0.0	0.0	0.0	0.0	0.0	0.0	0.0	0.0	0.0	0.0	0.0	0.0	46.0	0.0	0.0	0.0	0.0	0.0	0.0	0.0	0.0	0.0	0.0	0.0	0.0	0.0	0.0	0.0	0.0	0.0	21.0	0.0	0.0	0.0	0.0	0.0	0.0	34.0	0.0	0.0	0.0	0.0	0.0	0.0	0.0	0.0	5.0	0.0	0.0	0.0	0.0	0.0	0.0	0.0	0.0	0.0	0.0	0.0	0.0	0.0	0.0	3.0	0.0	0.0	0.0	0.0	0.0	0.0	0.0	0.0	0.0	0.0	0.0	15.0	0.0	0.0	6.0	0.0	0.0	0.0	0.0	0.0	0.0	0.0	70.0	14.0	11.0	5.0	2.0	0.0	0.0	0.0	0.0	0.0	0.0	0.0	0.0	0.0	0.0	0.0	0.0	0.0	0.0	0.0	0.0	0.0	0.0	0.0	0.0	0.0	0.0	0.0	0.0	0.0	0.0	0.0	0.0	0.0	0.0	0.0	0.0	0.0	0.0	0.0	0.0	0.0	0.0	0.0	0.0	0.0	0.0	0.0	0.0	0.0	0.0	0.0	0.0	0.0	0.0	0.0	0.0	0.0	0.0	0.0	0.0	0.0	0.0	0.0	0.0	0.0	0.0	0.0	0.0	0.0	0.0	0.0	0.0	0.0	0.0
10	1059.0	2136.0	260.0	255.0	627.0	222.0	15.0	0.0	0.0	101.0	353.0	364.0	180.0	10.0	0.0	0.0	98.0	0.0	0.0	708.0	69.0	3.0	0.0	880.0	0.0	0.0	1.0	905.0	0.0	4.0	0.0	0.0	0.0	43.0	7.0	4.0	10.0	0.0	8.0	0.0	0.0	0.0	178.0	17.0	0.0	0.0	7.0	0.0	0.0	131.0	147.0	1808.0	0.0	0.0	0.0	0.0	154.0	0.0	0.0	6.0	0.0	30.0	0.0	0.0	8.0	119.0	0.0	71.0	311.0	509.0	612.0	0.0	0.0	95.0	1081.0	2.0	0.0	117.0	0.0	18.0	391.0	0.0	188.0	0.0	0.0	0.0	41.0	2.0	0.0	0.0	0.0	0.0	23.0	0.0	0.0	0.0	0.0	0.0	0.0	21.0	0.0	0.0	0.0	0.0	469.0	0.0	4.0	0.0	17.0	0.0	0.0	0.0	0.0	0.0	0.0	0.0	0.0	0.0	15.0	0.0	0.0	0.0	0.0	0.0	0.0	0.0	0.0	0.0	0.0	0.0	0.0	0.0	1.0	0.0	0.0	0.0	0.0	0.0	0.0	0.0	0.0	0.0	0.0	3.0	0.0	0.0	0.0	0.0	0.0	0.0	0.0	0.0	130.0	0.0	0.0	0.0	0.0	0.0	0.0	0.0	0.0	0.0	0.0	0.0	0.0	0.0	0.0	0.0	0.0	0.0	0.0	0.0	2.0	0.0	0.0	0.0	0.0	0.0	782.0	0.0	0.0	158.0	0.0	0.0	21.0	183.0	0.0	0.0	0.0	0.0	0.0	0.0	0.0	0.0	0.0	218.0	0.0	0.0	0.0	0.0	0.0	0.0	0.0	0.0	0.0	0.0	0.0	0.0	0.0	0.0	0.0	0.0	0.0	2.0	0.0	2.0	0.0	0.0	1.0	0.0	72.0	0.0	0.0	0.0	0.0	0.0	7.0	0.0	0.0	0.0	0.0	0.0	0.0	0.0	0.0	23.0	0.0	13.0	0.0	0.0	0.0	0.0	0.0	0.0	0.0	0.0	0.0	0.0	0.0	0.0	0.0	0.0	0.0	0.0	2.0	0.0	0.0	0.0	0.0	0.0	0.0	0.0	469.0	70.0	0.0	22.0	0.0	0.0	0.0	0.0	0.0	0.0	4.0	0.0	0.0	0.0	0.0	6.0	0.0	0.0	0.0	0.0	0.0	0.0	0.0	0.0	0.0	0.0	0.0	0.0	0.0	0.0	0.0	0.0	0.0	28.0	0.0	0.0	0.0	0.0	0.0	0.0	0.0	0.0	0.0	0.0	0.0	0.0	0.0	2.0	0.0	0.0	0.0	0.0	0.0	0.0	0.0	0.0	0.0	0.0	0.0	0.0	0.0	0.0	0.0	0.0	0.0	0.0	0.0	0.0	0.0	0.0	0.0	0.0	0.0	0.0	0.0	0.0	0.0	0.0	0.0	0.0	0.0	26.0	0.0	0.0	0.0	0.0	0.0	0.0	0.0	0.0	0.0	5.0	0.0	0.0	0.0	0.0	0.0	0.0	0.0	0.0	0.0	0.0	0.0	0.0	0.0	0.0	0.0	0.0	0.0	4.0	14.0	0.0	0.0	0.0	0.0	0.0	0.0	0.0	0.0	0.0	0.0	0.0	0.0	0.0	0.0	0.0	0.0	0.0	0.0	0.0	0.0	0.0	3.0	0.0	0.0	0.0	0.0	0.0	0.0	0.0	0.0	7.0	0.0	0.0	0.0	0.0	0.0	0.0	2587.0	62.0	34.0	20.0	10.0	5.0	5.0	4.0	0.0	0.0	0.0	0.0	0.0	0.0	0.0	0.0	0.0	0.0	0.0	0.0	0.0	0.0	0.0	0.0	0.0	0.0	0.0	0.0	0.0	0.0	0.0	0.0	0.0	0.0	0.0	0.0	0.0	0.0	0.0	0.0	0.0	0.0	0.0	0.0	0.0	0.0	0.0	0.0	0.0	0.0	0.0	0.0	0.0	0.0	0.0	0.0	0.0	0.0	0.0	0.0	0.0	0.0	0.0	0.0	0.0	0.0	0.0	0.0	0.0	0.0
80152	4434.0	4316.0	1616.0	15.0	399.0	10.0	28.0	30.0	0.0	19.0	161.0	119.0	848.0	39.0	0.0	17.0	31.0	5.0	0.0	486.0	11.0	29.0	0.0	279.0	0.0	8.0	0.0	87.0	6.0	15.0	0.0	23.0	0.0	6.0	0.0	1.0	0.0	0.0	0.0	61.0	0.0	0.0	7.0	4.0	0.0	3.0	2.0	4.0	0.0	17.0	12.0	13.0	0.0	0.0	0.0	0.0	0.0	0.0	0.0	0.0	446.0	0.0	0.0	1.0	5.0	173.0	0.0	20.0	8.0	519.0	2.0	0.0	0.0	1429.0	481.0	0.0	0.0	18.0	2.0	14.0	35.0	2.0	6.0	0.0	0.0	0.0	7.0	0.0	0.0	0.0	0.0	0.0	0.0	0.0	0.0	0.0	97.0	0.0	0.0	0.0	0.0	0.0	0.0	0.0	2.0	0.0	0.0	0.0	0.0	0.0	0.0	129.0	0.0	0.0	0.0	0.0	0.0	0.0	0.0	0.0	0.0	0.0	0.0	0.0	0.0	0.0	0.0	2.0	0.0	18.0	0.0	0.0	0.0	0.0	0.0	0.0	0.0	3.0	0.0	0.0	0.0	0.0	0.0	0.0	2.0	0.0	0.0	0.0	0.0	0.0	5.0	0.0	5.0	10.0	2.0	0.0	78.0	0.0	0.0	0.0	0.0	0.0	0.0	2.0	0.0	0.0	0.0	0.0	0.0	0.0	7.0	0.0	13.0	0.0	6.0	0.0	0.0	0.0	73.0	0.0	0.0	0.0	0.0	0.0	0.0	13.0	0.0	29.0	4.0	0.0	0.0	0.0	0.0	0.0	0.0	0.0	0.0	0.0	0.0	0.0	0.0	0.0	0.0	0.0	0.0	0.0	0.0	0.0	0.0	5.0	1.0	0.0	0.0	0.0	0.0	0.0	0.0	0.0	0.0	0.0	457.0	0.0	0.0	0.0	0.0	0.0	4.0	0.0	0.0	0.0	0.0	0.0	0.0	0.0	0.0	0.0	0.0	0.0	0.0	2.0	0.0	0.0	0.0	0.0	0.0	0.0	0.0	0.0	0.0	0.0	0.0	2.0	0.0	0.0	51.0	0.0	0.0	0.0	0.0	0.0	0.0	0.0	285.0	0.0	0.0	215.0	0.0	0.0	0.0	0.0	0.0	0.0	0.0	0.0	0.0	28.0	0.0	4.0	0.0	0.0	0.0	0.0	0.0	0.0	0.0	0.0	2.0	6.0	0.0	0.0	0.0	0.0	4.0	0.0	0.0	0.0	0.0	0.0	0.0	0.0	0.0	0.0	0.0	0.0	0.0	0.0	0.0	0.0	2.0	2.0	0.0	0.0	0.0	17.0	0.0	0.0	0.0	0.0	3.0	0.0	0.0	0.0	0.0	0.0	0.0	0.0	0.0	0.0	0.0	0.0	0.0	0.0	0.0	0.0	0.0	0.0	0.0	0.0	0.0	0.0	2.0	4.0	0.0	1.0	0.0	0.0	85.0	0.0	0.0	0.0	3.0	0.0	0.0	0.0	0.0	0.0	0.0	0.0	4.0	0.0	0.0	0.0	0.0	0.0	0.0	0.0	0.0	0.0	0.0	0.0	0.0	0.0	0.0	0.0	2.0	0.0	0.0	5.0	7.0	0.0	0.0	0.0	0.0	0.0	0.0	0.0	0.0	0.0	0.0	0.0	0.0	0.0	0.0	0.0	0.0	0.0	0.0	0.0	0.0	0.0	0.0	0.0	0.0	0.0	0.0	0.0	0.0	0.0	6.0	0.0	0.0	0.0	0.0	0.0	0.0	0.0	0.0	0.0	181.0	51.0	43.0	9.0	0.0	0.0	0.0	0.0	0.0	0.0	0.0	0.0	0.0	0.0	0.0	0.0	0.0	0.0	0.0	0.0	0.0	0.0	0.0	0.0	0.0	0.0	0.0	0.0	0.0	0.0	0.0	0.0	0.0	0.0	0.0	0.0	0.0	0.0	0.0	0.0	0.0	0.0	0.0	0.0	0.0	0.0	0.0	0.0	0.0	0.0	0.0	0.0	0.0	0.0	0.0	0.0	0.0	0.0	0.0	0.0	0.0	0.0
45	477.0	878.0	43.0	564.0	574.0	0.0	0.0	4.0	0.0	106.0	0.0	2166.0	424.0	21.0	0.0	0.0	242.0	0.0	0.0	129.0	544.0	0.0	0.0	71.0	45.0	2.0	38.0	266.0	18.0	0.0	0.0	0.0	0.0	4.0	0.0	0.0	2.0	0.0	2.0	8.0	0.0	0.0	0.0	0.0	0.0	77.0	0.0	0.0	0.0	16.0	68.0	1336.0	0.0	0.0	0.0	0.0	0.0	0.0	0.0	0.0	114.0	3612.0	0.0	2.0	3.0	41.0	0.0	381.0	0.0	117.0	0.0	0.0	0.0	5.0	22.0	0.0	0.0	7.0	2.0	0.0	5.0	0.0	19.0	0.0	0.0	0.0	0.0	0.0	0.0	0.0	77.0	0.0	0.0	0.0	0.0	0.0	266.0	0.0	0.0	0.0	4.0	0.0	0.0	0.0	44.0	0.0	0.0	0.0	0.0	0.0	0.0	0.0	0.0	0.0	0.0	0.0	0.0	0.0	0.0	0.0	0.0	0.0	0.0	0.0	0.0	0.0	2.0	0.0	0.0	0.0	0.0	0.0	0.0	0.0	0.0	0.0	0.0	15.0	0.0	0.0	0.0	0.0	0.0	0.0	0.0	0.0	0.0	0.0	0.0	0.0	0.0	0.0	2.0	0.0	0.0	0.0	0.0	0.0	0.0	0.0	0.0	0.0	0.0	3.0	0.0	0.0	1.0	0.0	0.0	0.0	0.0	1.0	8.0	0.0	0.0	0.0	0.0	0.0	475.0	158.0	0.0	0.0	0.0	0.0	0.0	136.0	0.0	0.0	0.0	0.0	0.0	0.0	0.0	0.0	0.0	0.0	0.0	0.0	0.0	0.0	0.0	0.0	0.0	0.0	0.0	0.0	0.0	0.0	0.0	0.0	0.0	0.0	0.0	0.0	0.0	0.0	0.0	0.0	0.0	0.0	0.0	0.0	0.0	0.0	0.0	0.0	0.0	0.0	0.0	0.0	0.0	0.0	0.0	0.0	0.0	3.0	0.0	0.0	0.0	0.0	0.0	0.0	0.0	0.0	0.0	0.0	0.0	0.0	0.0	0.0	0.0	0.0	0.0	85.0	0.0	0.0	0.0	0.0	0.0	0.0	0.0	4.0	0.0	0.0	0.0	0.0	0.0	148.0	0.0	0.0	0.0	2.0	4.0	0.0	0.0	0.0	0.0	2.0	0.0	0.0	0.0	0.0	0.0	0.0	0.0	0.0	0.0	0.0	0.0	0.0	0.0	0.0	0.0	0.0	0.0	0.0	0.0	0.0	0.0	0.0	0.0	0.0	0.0	0.0	0.0	0.0	0.0	0.0	2.0	0.0	0.0	0.0	0.0	0.0	0.0	0.0	0.0	0.0	0.0	0.0	0.0	0.0	0.0	0.0	0.0	0.0	0.0	0.0	0.0	0.0	0.0	0.0	0.0	0.0	0.0	0.0	0.0	0.0	0.0	0.0	0.0	0.0	0.0	0.0	0.0	0.0	0.0	0.0	5.0	0.0	0.0	7.0	0.0	0.0	0.0	0.0	0.0	0.0	0.0	0.0	0.0	0.0	0.0	0.0	0.0	0.0	3.0	0.0	0.0	0.0	9.0	0.0	0.0	0.0	0.0	0.0	0.0	0.0	7.0	0.0	0.0	0.0	4.0	0.0	0.0	0.0	0.0	0.0	0.0	0.0	0.0	0.0	0.0	0.0	0.0	0.0	0.0	0.0	0.0	0.0	0.0	0.0	0.0	0.0	0.0	0.0	0.0	0.0	0.0	0.0	0.0	0.0	0.0	0.0	0.0	0.0	0.0	0.0	0.0	0.0	0.0	0.0	1572.0	205.0	0.0	0.0	0.0	0.0	0.0	0.0	0.0	0.0	0.0	0.0	0.0	0.0	0.0	0.0	0.0	0.0	0.0	0.0	0.0	0.0	0.0	0.0	0.0	0.0	0.0	0.0	0.0	0.0	0.0	0.0	0.0	0.0	0.0	0.0	0.0	0.0	0.0	0.0	0.0	0.0	0.0	0.0	0.0	0.0	0.0	0.0	0.0	0.0	0.0	0.0	0.0	0.0	0.0	0.0	0.0	0.0
560	13.0	258.0	1644.0	16.0	0.0	0.0	0.0	0.0	5.0	2939.0	106.0	791.0	45.0	0.0	0.0	4.0	1065.0	36.0	0.0	0.0	14.0	10.0	0.0	347.0	445.0	4.0	0.0	857.0	20.0	0.0	0.0	0.0	0.0	42.0	0.0	0.0	5.0	1.0	2.0	63.0	0.0	37.0	2.0	95.0	0.0	41.0	8.0	19.0	0.0	8.0	1.0	5.0	0.0	0.0	0.0	0.0	0.0	0.0	0.0	0.0	0.0	64.0	0.0	0.0	3.0	554.0	0.0	413.0	4.0	0.0	14.0	0.0	0.0	19.0	31.0	0.0	0.0	0.0	0.0	33.0	0.0	0.0	4.0	0.0	0.0	0.0	83.0	3.0	0.0	0.0	0.0	0.0	3.0	0.0	0.0	0.0	57.0	0.0	0.0	28.0	0.0	0.0	0.0	0.0	35.0	0.0	5.0	0.0	36.0	0.0	0.0	0.0	0.0	7.0	0.0	0.0	0.0	0.0	0.0	0.0	0.0	0.0	0.0	11.0	0.0	0.0	3.0	0.0	0.0	0.0	0.0	0.0	0.0	0.0	0.0	0.0	0.0	0.0	0.0	0.0	0.0	5.0	0.0	0.0	2.0	0.0	0.0	3.0	0.0	0.0	0.0	4.0	22.0	0.0	3.0	0.0	0.0	6.0	0.0	0.0	9.0	0.0	0.0	0.0	0.0	0.0	1.0	0.0	0.0	0.0	0.0	7.0	0.0	0.0	0.0	0.0	0.0	0.0	0.0	0.0	0.0	214.0	0.0	0.0	0.0	325.0	0.0	8.0	0.0	0.0	0.0	0.0	0.0	0.0	0.0	134.0	0.0	0.0	0.0	0.0	0.0	0.0	0.0	0.0	0.0	0.0	0.0	0.0	0.0	0.0	79.0	0.0	0.0	4.0	0.0	3.0	0.0	0.0	0.0	150.0	0.0	0.0	0.0	2.0	0.0	0.0	0.0	0.0	0.0	0.0	0.0	0.0	0.0	0.0	19.0	1.0	0.0	23.0	0.0	0.0	0.0	0.0	0.0	0.0	0.0	0.0	0.0	0.0	7.0	0.0	0.0	0.0	0.0	8.0	0.0	0.0	0.0	0.0	4.0	0.0	0.0	2.0	2.0	0.0	0.0	0.0	6.0	0.0	0.0	0.0	0.0	0.0	0.0	27.0	0.0	11.0	0.0	0.0	0.0	0.0	5.0	0.0	0.0	0.0	13.0	12.0	0.0	0.0	0.0	0.0	0.0	0.0	0.0	0.0	0.0	0.0	0.0	0.0	0.0	0.0	6.0	0.0	0.0	0.0	0.0	0.0	0.0	0.0	9.0	6.0	0.0	0.0	0.0	0.0	0.0	0.0	0.0	0.0	0.0	0.0	0.0	0.0	0.0	0.0	0.0	0.0	0.0	0.0	0.0	0.0	0.0	0.0	0.0	0.0	0.0	0.0	4.0	0.0	0.0	0.0	0.0	0.0	0.0	0.0	0.0	0.0	0.0	0.0	0.0	0.0	3.0	4.0	0.0	0.0	0.0	0.0	0.0	0.0	0.0	0.0	0.0	0.0	0.0	0.0	0.0	0.0	0.0	0.0	0.0	0.0	0.0	0.0	0.0	0.0	0.0	0.0	0.0	0.0	0.0	0.0	0.0	0.0	13.0	0.0	0.0	0.0	0.0	0.0	0.0	0.0	0.0	0.0	0.0	79.0	0.0	0.0	0.0	0.0	0.0	0.0	0.0	0.0	0.0	0.0	3.0	0.0	0.0	0.0	0.0	0.0	0.0	0.0	0.0	0.0	0.0	2.0	4.0	0.0	0.0	0.0	0.0	0.0	0.0	0.0	123.0	106.0	104.0	6.0	2.0	2.0	0.0	0.0	0.0	0.0	0.0	0.0	0.0	0.0	0.0	0.0	0.0	0.0	0.0	0.0	0.0	0.0	0.0	0.0	0.0	0.0	0.0	0.0	0.0	0.0	0.0	0.0	0.0	0.0	0.0	0.0	0.0	0.0	0.0	0.0	0.0	0.0	0.0	0.0	0.0	0.0	0.0	0.0	0.0	0.0	0.0	0.0	0.0	0.0	0.0	0.0
521	343.0	2143.0	168.0	115.0	359.0	4.0	11.0	32.0	0.0	1371.0	26.0	2916.0	906.0	0.0	0.0	8.0	102.0	9.0	0.0	0.0	72.0	1.0	0.0	281.0	0.0	0.0	0.0	7.0	629.0	0.0	5.0	2.0	0.0	11.0	0.0	9.0	0.0	4534.0	6.0	48.0	0.0	0.0	0.0	3.0	0.0	40.0	5.0	20.0	0.0	4.0	43.0	226.0	0.0	0.0	30.0	5.0	0.0	0.0	0.0	28.0	0.0	204.0	0.0	7.0	7.0	0.0	0.0	341.0	35.0	37.0	199.0	0.0	9.0	136.0	949.0	0.0	0.0	59.0	4.0	19.0	7.0	0.0	27.0	0.0	0.0	7.0	27.0	2.0	0.0	0.0	8.0	0.0	0.0	0.0	0.0	0.0	13.0	0.0	3.0	14.0	0.0	0.0	0.0	0.0	9.0	0.0	0.0	0.0	5.0	0.0	0.0	0.0	0.0	0.0	0.0	0.0	0.0	0.0	0.0	0.0	0.0	0.0	0.0	0.0	0.0	0.0	2.0	0.0	7.0	5.0	0.0	0.0	0.0	0.0	0.0	0.0	0.0	19.0	0.0	0.0	0.0	0.0	0.0	0.0	0.0	0.0	0.0	0.0	0.0	0.0	0.0	0.0	11.0	2.0	3.0	0.0	2.0	10.0	0.0	0.0	0.0	0.0	0.0	2.0	0.0	0.0	0.0	0.0	0.0	0.0	0.0	0.0	0.0	0.0	0.0	2.0	0.0	259.0	358.0	0.0	0.0	68.0	0.0	0.0	181.0	53.0	0.0	0.0	0.0	0.0	17.0	0.0	0.0	0.0	0.0	0.0	0.0	0.0	0.0	0.0	0.0	0.0	0.0	0.0	0.0	0.0	0.0	0.0	0.0	0.0	0.0	11.0	0.0	0.0	3.0	0.0	207.0	0.0	0.0	0.0	0.0	0.0	0.0	3.0	0.0	3.0	105.0	0.0	21.0	2.0	0.0	0.0	0.0	0.0	4.0	0.0	0.0	4.0	4.0	0.0	0.0	0.0	0.0	0.0	0.0	0.0	0.0	0.0	4.0	0.0	2.0	0.0	0.0	0.0	0.0	0.0	0.0	0.0	0.0	27.0	2.0	0.0	0.0	0.0	9.0	0.0	0.0	0.0	0.0	0.0	0.0	0.0	0.0	0.0	0.0	4.0	0.0	0.0	0.0	0.0	4.0	0.0	2.0	0.0	0.0	3.0	0.0	0.0	0.0	0.0	1.0	0.0	20.0	0.0	0.0	4.0	17.0	0.0	34.0	4.0	0.0	0.0	0.0	0.0	0.0	0.0	0.0	0.0	0.0	3.0	4.0	0.0	0.0	0.0	0.0	0.0	0.0	0.0	0.0	0.0	0.0	0.0	0.0	0.0	0.0	0.0	0.0	0.0	0.0	0.0	0.0	0.0	0.0	21.0	0.0	0.0	3.0	0.0	0.0	0.0	0.0	0.0	0.0	0.0	0.0	0.0	0.0	0.0	0.0	0.0	0.0	0.0	0.0	0.0	0.0	0.0	0.0	0.0	16.0	0.0	0.0	0.0	0.0	0.0	0.0	0.0	0.0	0.0	0.0	32.0	0.0	2.0	0.0	0.0	0.0	0.0	0.0	0.0	0.0	0.0	0.0	0.0	0.0	0.0	0.0	0.0	0.0	0.0	0.0	0.0	0.0	0.0	0.0	0.0	0.0	0.0	0.0	0.0	0.0	0.0	0.0	14.0	0.0	0.0	0.0	0.0	169.0	0.0	0.0	204.0	0.0	0.0	0.0	0.0	0.0	0.0	2.0	0.0	0.0	0.0	0.0	0.0	0.0	0.0	0.0	0.0	0.0	0.0	0.0	0.0	36.0	17.0	15.0	4.0	4.0	2.0	0.0	0.0	0.0	0.0	0.0	0.0	0.0	0.0	0.0	0.0	0.0	0.0	0.0	0.0	0.0	0.0	0.0	0.0	0.0	0.0	0.0	0.0	0.0	0.0	0.0	0.0	0.0	0.0	0.0	0.0	0.0	0.0	0.0	0.0	0.0	0.0	0.0	0.0	0.0	0.0	0.0	0.0	0.0	0.0
6128	8.0	12573.0	0.0	44.0	2.0	9.0	266.0	69.0	0.0	0.0	18.0	1.0	20.0	1399.0	0.0	0.0	0.0	0.0	0.0	0.0	79.0	6.0	0.0	19.0	0.0	48.0	0.0	93.0	0.0	0.0	10.0	0.0	0.0	8.0	0.0	0.0	2.0	0.0	22.0	0.0	0.0	0.0	0.0	34.0	0.0	58.0	2.0	0.0	0.0	0.0	37.0	93.0	0.0	0.0	0.0	0.0	0.0	0.0	0.0	0.0	2.0	5.0	0.0	9.0	20.0	0.0	0.0	201.0	0.0	1086.0	17.0	0.0	0.0	0.0	38.0	0.0	0.0	0.0	0.0	21.0	3.0	0.0	0.0	0.0	0.0	0.0	0.0	0.0	0.0	0.0	0.0	57.0	0.0	0.0	0.0	0.0	7.0	0.0	0.0	0.0	0.0	0.0	0.0	0.0	0.0	0.0	0.0	0.0	2.0	0.0	0.0	0.0	0.0	0.0	0.0	0.0	0.0	0.0	3.0	0.0	0.0	0.0	0.0	0.0	4.0	0.0	0.0	0.0	0.0	4.0	0.0	0.0	0.0	0.0	0.0	30.0	0.0	0.0	0.0	0.0	0.0	0.0	0.0	0.0	0.0	1.0	0.0	0.0	0.0	0.0	0.0	0.0	0.0	4.0	0.0	0.0	3.0	0.0	0.0	0.0	140.0	0.0	0.0	0.0	0.0	3.0	0.0	0.0	2.0	0.0	0.0	22.0	0.0	0.0	0.0	4.0	0.0	0.0	18.0	0.0	0.0	0.0	0.0	0.0	154.0	28.0	0.0	0.0	0.0	0.0	0.0	0.0	0.0	0.0	0.0	0.0	0.0	0.0	0.0	0.0	0.0	0.0	0.0	0.0	0.0	0.0	12.0	0.0	0.0	0.0	0.0	0.0	0.0	0.0	0.0	2.0	0.0	0.0	0.0	0.0	0.0	0.0	0.0	0.0	0.0	5.0	0.0	0.0	0.0	0.0	0.0	27.0	0.0	0.0	0.0	0.0	0.0	6.0	0.0	11.0	0.0	0.0	0.0	0.0	0.0	0.0	0.0	0.0	0.0	0.0	11.0	0.0	0.0	0.0	5.0	0.0	0.0	0.0	0.0	0.0	0.0	5.0	0.0	0.0	0.0	0.0	0.0	1.0	0.0	0.0	0.0	28.0	0.0	0.0	0.0	1.0	0.0	0.0	0.0	0.0	0.0	0.0	0.0	0.0	0.0	0.0	0.0	0.0	0.0	0.0	0.0	0.0	0.0	0.0	0.0	0.0	0.0	0.0	0.0	0.0	0.0	0.0	0.0	0.0	0.0	0.0	0.0	0.0	0.0	8.0	0.0	0.0	0.0	0.0	0.0	0.0	0.0	0.0	0.0	0.0	0.0	0.0	0.0	0.0	0.0	0.0	0.0	0.0	0.0	0.0	0.0	0.0	0.0	0.0	0.0	0.0	3.0	0.0	0.0	0.0	0.0	0.0	3.0	0.0	0.0	0.0	68.0	0.0	0.0	5.0	0.0	9.0	0.0	0.0	0.0	0.0	0.0	0.0	0.0	0.0	0.0	0.0	0.0	0.0	0.0	0.0	0.0	0.0	0.0	0.0	0.0	0.0	0.0	0.0	0.0	0.0	0.0	0.0	0.0	0.0	0.0	0.0	0.0	0.0	0.0	0.0	0.0	0.0	0.0	0.0	0.0	0.0	4.0	0.0	0.0	0.0	0.0	0.0	0.0	0.0	0.0	0.0	0.0	0.0	0.0	0.0	3.0	0.0	0.0	0.0	0.0	0.0	0.0	0.0	0.0	0.0	0.0	0.0	0.0	0.0	0.0	4.0	0.0	0.0	0.0	0.0	0.0	0.0	0.0	0.0	0.0	0.0	0.0	0.0	0.0	3.0	14.0	12.0	0.0	0.0	0.0	0.0	0.0	0.0	0.0	0.0	0.0	0.0	0.0	0.0	0.0	0.0	0.0	0.0	0.0	0.0	0.0	0.0	0.0	0.0	0.0	0.0	0.0	0.0	0.0	0.0	0.0	0.0	0.0	0.0	0.0	0.0	0.0	0.0	0.0	0.0	0.0	0.0	0.0	0.0
538	423.0	2609.0	395.0	14.0	0.0	0.0	40.0	197.0	0.0	426.0	148.0	53.0	491.0	0.0	0.0	1.0	0.0	0.0	0.0	4883.0	184.0	0.0	0.0	343.0	0.0	0.0	7.0	0.0	61.0	3.0	0.0	0.0	0.0	4.0	2.0	0.0	0.0	1007.0	0.0	35.0	0.0	0.0	0.0	69.0	2.0	0.0	0.0	6.0	0.0	0.0	0.0	0.0	24.0	0.0	0.0	0.0	0.0	0.0	0.0	0.0	3.0	19.0	0.0	40.0	45.0	0.0	17.0	1495.0	0.0	1533.0	166.0	0.0	0.0	10.0	42.0	0.0	0.0	5.0	4.0	0.0	16.0	0.0	0.0	0.0	0.0	0.0	8.0	0.0	0.0	0.0	0.0	0.0	6.0	0.0	2.0	0.0	599.0	0.0	0.0	0.0	0.0	0.0	0.0	0.0	2.0	0.0	0.0	0.0	6.0	0.0	0.0	0.0	0.0	0.0	0.0	0.0	0.0	0.0	0.0	0.0	0.0	0.0	0.0	0.0	0.0	0.0	0.0	0.0	0.0	0.0	0.0	0.0	0.0	0.0	0.0	0.0	0.0	2.0	0.0	0.0	0.0	0.0	0.0	0.0	0.0	0.0	0.0	0.0	0.0	0.0	4.0	0.0	0.0	18.0	0.0	0.0	2.0	54.0	5.0	0.0	5.0	0.0	0.0	0.0	0.0	0.0	0.0	0.0	0.0	0.0	0.0	0.0	0.0	0.0	0.0	0.0	0.0	0.0	0.0	0.0	0.0	0.0	0.0	0.0	243.0	8.0	0.0	90.0	0.0	0.0	0.0	0.0	0.0	5.0	0.0	0.0	0.0	0.0	0.0	0.0	0.0	0.0	0.0	0.0	0.0	0.0	0.0	0.0	0.0	0.0	0.0	0.0	0.0	0.0	0.0	0.0	0.0	0.0	0.0	0.0	0.0	6.0	0.0	9.0	0.0	0.0	0.0	0.0	0.0	0.0	0.0	0.0	0.0	0.0	7.0	0.0	0.0	7.0	0.0	33.0	0.0	0.0	0.0	0.0	0.0	0.0	0.0	0.0	5.0	0.0	0.0	0.0	0.0	0.0	11.0	0.0	0.0	0.0	0.0	0.0	0.0	2.0	0.0	0.0	0.0	0.0	0.0	10.0	0.0	0.0	0.0	0.0	0.0	5.0	5.0	3.0	58.0	0.0	0.0	0.0	0.0	0.0	0.0	4.0	0.0	0.0	0.0	0.0	0.0	0.0	0.0	0.0	0.0	0.0	0.0	0.0	0.0	0.0	0.0	0.0	0.0	0.0	0.0	0.0	0.0	0.0	0.0	0.0	0.0	0.0	0.0	0.0	0.0	0.0	0.0	0.0	0.0	0.0	0.0	0.0	0.0	0.0	0.0	0.0	0.0	0.0	0.0	0.0	0.0	0.0	0.0	0.0	0.0	0.0	0.0	0.0	7.0	0.0	0.0	0.0	0.0	0.0	0.0	0.0	0.0	0.0	0.0	0.0	0.0	0.0	0.0	0.0	0.0	0.0	0.0	0.0	3.0	0.0	0.0	0.0	0.0	0.0	0.0	0.0	0.0	0.0	0.0	2.0	0.0	0.0	0.0	0.0	0.0	0.0	0.0	0.0	0.0	0.0	0.0	0.0	0.0	0.0	7.0	0.0	0.0	0.0	0.0	0.0	0.0	0.0	0.0	0.0	0.0	0.0	0.0	0.0	0.0	2.0	0.0	0.0	0.0	0.0	0.0	0.0	7.0	0.0	26.0	0.0	0.0	0.0	0.0	0.0	0.0	0.0	0.0	3.0	0.0	0.0	0.0	0.0	0.0	0.0	0.0	0.0	0.0	0.0	0.0	0.0	0.0	0.0	0.0	0.0	0.0	0.0	0.0	10.0	0.0	0.0	45.0	0.0	0.0	0.0	0.0	0.0	0.0	0.0	0.0	0.0	0.0	0.0	0.0	0.0	0.0	0.0	0.0	0.0	0.0	0.0	0.0	0.0	0.0	0.0	0.0	0.0	0.0	0.0	0.0	0.0	0.0	0.0	0.0	0.0	0.0	0.0	0.0	0.0	0.0	0.0	0.0	0.0
6168	2341.0	2544.0	70.0	7.0	150.0	8.0	680.0	0.0	10.0	1132.0	21.0	372.0	157.0	0.0	0.0	7.0	691.0	0.0	0.0	563.0	98.0	0.0	0.0	38.0	73.0	0.0	161.0	378.0	184.0	0.0	0.0	0.0	0.0	10.0	0.0	0.0	0.0	0.0	0.0	317.0	0.0	2.0	0.0	44.0	0.0	0.0	0.0	0.0	0.0	44.0	0.0	72.0	3.0	2.0	0.0	161.0	0.0	121.0	0.0	0.0	550.0	436.0	2.0	0.0	0.0	0.0	0.0	251.0	0.0	0.0	0.0	0.0	78.0	0.0	6.0	0.0	0.0	2.0	0.0	152.0	0.0	0.0	0.0	3.0	0.0	48.0	0.0	0.0	0.0	0.0	23.0	0.0	0.0	24.0	0.0	0.0	0.0	0.0	106.0	18.0	0.0	0.0	0.0	14.0	0.0	0.0	2.0	4.0	0.0	1.0	0.0	7.0	0.0	61.0	0.0	0.0	0.0	0.0	0.0	0.0	0.0	0.0	0.0	0.0	0.0	0.0	0.0	0.0	0.0	0.0	0.0	0.0	0.0	0.0	0.0	0.0	0.0	4.0	10.0	0.0	0.0	0.0	0.0	0.0	0.0	2.0	0.0	72.0	0.0	0.0	0.0	0.0	0.0	2.0	0.0	0.0	0.0	20.0	0.0	0.0	0.0	0.0	0.0	10.0	0.0	0.0	6.0	3.0	25.0	0.0	0.0	0.0	2.0	0.0	0.0	0.0	0.0	0.0	0.0	0.0	0.0	0.0	0.0	0.0	129.0	82.0	0.0	5.0	1.0	0.0	0.0	0.0	0.0	8.0	0.0	0.0	0.0	0.0	178.0	0.0	0.0	0.0	0.0	0.0	0.0	0.0	0.0	0.0	0.0	0.0	0.0	0.0	3.0	0.0	4.0	0.0	605.0	0.0	0.0	0.0	274.0	0.0	0.0	0.0	0.0	0.0	2.0	0.0	12.0	0.0	0.0	5.0	0.0	0.0	0.0	0.0	0.0	0.0	0.0	4.0	0.0	0.0	0.0	10.0	0.0	0.0	0.0	18.0	0.0	3.0	0.0	0.0	0.0	136.0	4.0	0.0	65.0	0.0	0.0	0.0	0.0	0.0	0.0	0.0	0.0	0.0	0.0	0.0	0.0	0.0	0.0	0.0	0.0	0.0	0.0	0.0	0.0	0.0	0.0	0.0	0.0	0.0	0.0	0.0	216.0	0.0	37.0	0.0	0.0	0.0	0.0	0.0	0.0	0.0	0.0	0.0	7.0	0.0	0.0	0.0	3.0	6.0	0.0	0.0	0.0	0.0	0.0	0.0	11.0	0.0	0.0	0.0	0.0	0.0	0.0	0.0	0.0	0.0	0.0	0.0	0.0	0.0	0.0	0.0	0.0	0.0	0.0	25.0	0.0	0.0	0.0	0.0	0.0	17.0	0.0	0.0	0.0	0.0	15.0	0.0	0.0	0.0	0.0	0.0	0.0	0.0	0.0	0.0	0.0	0.0	0.0	0.0	0.0	0.0	0.0	0.0	0.0	0.0	0.0	0.0	0.0	0.0	0.0	0.0	0.0	0.0	0.0	0.0	0.0	0.0	3.0	0.0	0.0	0.0	0.0	0.0	0.0	0.0	0.0	0.0	0.0	0.0	0.0	0.0	0.0	0.0	0.0	0.0	0.0	0.0	0.0	3.0	0.0	0.0	0.0	0.0	0.0	0.0	0.0	0.0	0.0	0.0	0.0	0.0	0.0	0.0	0.0	0.0	0.0	120.0	0.0	0.0	0.0	0.0	0.0	0.0	0.0	0.0	0.0	0.0	0.0	2.0	0.0	0.0	0.0	0.0	2.0	3.0	8.0	0.0	62.0	0.0	0.0	0.0	0.0	0.0	0.0	0.0	0.0	62.0	33.0	32.0	32.0	20.0	18.0	17.0	16.0	11.0	0.0	0.0	0.0	0.0	0.0	0.0	0.0	0.0	0.0	0.0	0.0	0.0	0.0	0.0	0.0	0.0	0.0	0.0	0.0	0.0	0.0	0.0	0.0	0.0	0.0	0.0	0.0	0.0	0.0	0.0	0.0	0.0
6163	13655.0	695.0	0.0	3.0	7.0	4.0	9.0	0.0	0.0	123.0	14.0	30.0	0.0	0.0	0.0	12.0	60.0	0.0	0.0	9.0	0.0	8.0	0.0	37.0	0.0	0.0	0.0	59.0	24.0	0.0	0.0	0.0	0.0	22.0	0.0	0.0	6.0	0.0	0.0	0.0	0.0	0.0	0.0	2.0	0.0	0.0	0.0	0.0	0.0	0.0	0.0	15.0	0.0	0.0	11.0	0.0	0.0	0.0	0.0	0.0	2.0	0.0	0.0	0.0	0.0	0.0	0.0	3.0	0.0	24.0	0.0	0.0	0.0	0.0	0.0	0.0	0.0	0.0	0.0	3.0	17.0	0.0	0.0	0.0	0.0	0.0	4.0	0.0	0.0	0.0	0.0	0.0	0.0	0.0	0.0	0.0	18.0	0.0	0.0	0.0	0.0	0.0	0.0	0.0	0.0	0.0	0.0	0.0	0.0	0.0	0.0	0.0	0.0	2.0	0.0	0.0	0.0	0.0	0.0	0.0	0.0	0.0	0.0	0.0	0.0	0.0	0.0	0.0	0.0	0.0	0.0	0.0	0.0	0.0	0.0	0.0	0.0	0.0	0.0	0.0	0.0	0.0	0.0	0.0	0.0	4.0	0.0	0.0	0.0	0.0	0.0	0.0	2.0	0.0	2.0	0.0	0.0	0.0	0.0	0.0	0.0	0.0	0.0	0.0	0.0	0.0	0.0	0.0	0.0	0.0	0.0	0.0	0.0	0.0	0.0	0.0	0.0	0.0	0.0	0.0	0.0	11.0	0.0	0.0	0.0	2.0	0.0	2.0	0.0	0.0	0.0	0.0	0.0	0.0	0.0	0.0	0.0	0.0	0.0	0.0	0.0	0.0	0.0	0.0	0.0	0.0	0.0	0.0	0.0	0.0	0.0	0.0	0.0	2.0	0.0	0.0	0.0	0.0	0.0	0.0	0.0	0.0	0.0	0.0	0.0	0.0	0.0	0.0	0.0	0.0	0.0	0.0	0.0	0.0	0.0	0.0	0.0	0.0	0.0	0.0	0.0	0.0	0.0	0.0	0.0	0.0	0.0	0.0	0.0	0.0	0.0	0.0	0.0	0.0	0.0	0.0	0.0	0.0	0.0	0.0	0.0	0.0	0.0	0.0	0.0	5.0	0.0	0.0	0.0	0.0	0.0	0.0	0.0	0.0	0.0	0.0	0.0	0.0	0.0	0.0	0.0	0.0	0.0	0.0	0.0	0.0	0.0	0.0	0.0	0.0	0.0	0.0	0.0	0.0	0.0	0.0	0.0	0.0	0.0	0.0	0.0	0.0	0.0	0.0	0.0	0.0	0.0	0.0	0.0	0.0	0.0	0.0	0.0	0.0	0.0	0.0	0.0	0.0	0.0	0.0	0.0	0.0	0.0	0.0	0.0	0.0	0.0	0.0	0.0	0.0	0.0	0.0	0.0	0.0	0.0	0.0	0.0	0.0	0.0	0.0	0.0	0.0	0.0	0.0	0.0	0.0	0.0	0.0	0.0	0.0	17.0	0.0	0.0	0.0	0.0	0.0	0.0	0.0	0.0	0.0	0.0	0.0	0.0	0.0	6.0	0.0	0.0	0.0	0.0	0.0	0.0	0.0	0.0	0.0	0.0	0.0	0.0	0.0	0.0	0.0	0.0	0.0	0.0	0.0	0.0	0.0	0.0	0.0	0.0	0.0	0.0	0.0	0.0	0.0	0.0	0.0	0.0	0.0	0.0	0.0	0.0	0.0	0.0	0.0	0.0	0.0	0.0	0.0	0.0	0.0	0.0	0.0	0.0	0.0	0.0	185.0	0.0	0.0	0.0	0.0	0.0	2.0	0.0	0.0	0.0	0.0	0.0	0.0	0.0	0.0	0.0	0.0	0.0	0.0	0.0	0.0	0.0	0.0	0.0	0.0	0.0	0.0	0.0	0.0	0.0	0.0	0.0	0.0	31.0	0.0	0.0	0.0	0.0	0.0	0.0	0.0	0.0	0.0	0.0	0.0	0.0	0.0	0.0	0.0	0.0	0.0	0.0	0.0	0.0	0.0	0.0	0.0	0.0	0.0	0.0	0.0	0.0	0.0	0.0	0.0
540	237.0	1323.0	622.0	150.0	0.0	1.0	21.0	7.0	3.0	331.0	70.0	1559.0	62.0	0.0	0.0	38.0	35.0	3.0	0.0	0.0	6.0	5.0	0.0	1250.0	0.0	21.0	9.0	696.0	40.0	0.0	5.0	0.0	0.0	13.0	4.0	1.0	8.0	1659.0	18.0	6.0	2.0	0.0	4.0	2.0	0.0	489.0	0.0	2.0	0.0	0.0	0.0	171.0	7.0	0.0	0.0	11.0	0.0	12.0	0.0	0.0	5.0	49.0	0.0	0.0	62.0	0.0	0.0	1336.0	146.0	1460.0	548.0	0.0	9.0	27.0	449.0	0.0	0.0	255.0	0.0	64.0	92.0	0.0	62.0	0.0	0.0	8.0	63.0	5.0	0.0	57.0	5.0	0.0	189.0	0.0	0.0	0.0	61.0	0.0	1.0	3.0	0.0	0.0	0.0	0.0	85.0	0.0	0.0	2.0	5.0	14.0	0.0	0.0	0.0	0.0	0.0	0.0	0.0	0.0	0.0	0.0	0.0	0.0	0.0	0.0	0.0	0.0	0.0	0.0	0.0	0.0	0.0	3.0	0.0	0.0	0.0	0.0	0.0	8.0	0.0	0.0	0.0	0.0	0.0	0.0	0.0	0.0	0.0	0.0	0.0	0.0	0.0	0.0	117.0	0.0	0.0	7.0	0.0	11.0	4.0	0.0	0.0	0.0	14.0	0.0	0.0	0.0	2.0	0.0	0.0	3.0	0.0	2.0	2.0	0.0	0.0	0.0	0.0	0.0	279.0	0.0	0.0	0.0	0.0	0.0	475.0	14.0	0.0	0.0	0.0	0.0	2.0	0.0	0.0	0.0	0.0	0.0	0.0	0.0	0.0	0.0	0.0	0.0	0.0	0.0	0.0	0.0	0.0	0.0	0.0	0.0	0.0	0.0	0.0	0.0	0.0	0.0	0.0	0.0	22.0	0.0	0.0	139.0	0.0	0.0	52.0	0.0	242.0	0.0	18.0	2.0	0.0	0.0	0.0	0.0	0.0	0.0	0.0	5.0	0.0	0.0	0.0	36.0	0.0	0.0	0.0	0.0	0.0	0.0	0.0	0.0	3.0	0.0	0.0	3.0	0.0	0.0	0.0	3.0	0.0	7.0	3.0	0.0	0.0	0.0	0.0	0.0	0.0	0.0	0.0	0.0	0.0	0.0	2.0	0.0	0.0	3.0	0.0	0.0	0.0	0.0	0.0	0.0	4.0	0.0	48.0	0.0	62.0	11.0	0.0	0.0	0.0	2.0	0.0	0.0	0.0	0.0	0.0	0.0	0.0	0.0	0.0	0.0	0.0	0.0	2.0	0.0	7.0	0.0	2.0	0.0	0.0	3.0	0.0	0.0	0.0	0.0	0.0	0.0	0.0	0.0	0.0	0.0	0.0	0.0	0.0	0.0	0.0	0.0	0.0	2.0	0.0	0.0	0.0	0.0	0.0	0.0	3.0	0.0	0.0	2.0	0.0	0.0	0.0	0.0	0.0	0.0	0.0	0.0	0.0	0.0	0.0	0.0	0.0	0.0	36.0	27.0	0.0	0.0	16.0	0.0	95.0	0.0	0.0	2.0	0.0	0.0	0.0	0.0	0.0	0.0	0.0	0.0	1.0	0.0	0.0	0.0	0.0	0.0	3.0	0.0	5.0	0.0	0.0	0.0	0.0	0.0	0.0	0.0	0.0	0.0	0.0	0.0	0.0	0.0	0.0	0.0	18.0	0.0	0.0	0.0	0.0	0.0	0.0	0.0	0.0	0.0	0.0	0.0	0.0	16.0	0.0	0.0	0.0	0.0	0.0	0.0	0.0	0.0	0.0	0.0	0.0	0.0	0.0	0.0	0.0	0.0	11.0	21.0	2.0	0.0	0.0	0.0	0.0	0.0	2.0	0.0	0.0	0.0	0.0	3.0	0.0	0.0	0.0	48.0	18.0	0.0	0.0	2.0	0.0	76.0	52.0	50.0	41.0	38.0	25.0	13.0	12.0	3.0	0.0	0.0	0.0	0.0	0.0	0.0	0.0	0.0	0.0	0.0	0.0	0.0	0.0	0.0	0.0	0.0	0.0	0.0	0.0	0.0	0.0	0.0
76	5661.0	1460.0	71.0	16.0	278.0	7.0	108.0	5.0	0.0	553.0	83.0	390.0	314.0	15.0	0.0	17.0	163.0	0.0	0.0	0.0	318.0	3.0	0.0	71.0	22.0	0.0	0.0	511.0	134.0	2.0	0.0	6.0	0.0	16.0	0.0	0.0	0.0	42.0	21.0	538.0	0.0	0.0	0.0	5.0	0.0	1.0	3.0	22.0	0.0	16.0	23.0	0.0	0.0	0.0	0.0	0.0	0.0	0.0	8.0	0.0	0.0	195.0	0.0	0.0	0.0	111.0	0.0	40.0	0.0	199.0	0.0	0.0	2.0	0.0	3.0	0.0	0.0	0.0	4.0	41.0	0.0	0.0	0.0	0.0	0.0	0.0	0.0	0.0	0.0	0.0	14.0	0.0	0.0	0.0	0.0	0.0	234.0	0.0	12.0	4.0	0.0	0.0	0.0	0.0	67.0	2023.0	0.0	0.0	0.0	0.0	0.0	0.0	0.0	0.0	0.0	0.0	0.0	0.0	0.0	0.0	0.0	0.0	0.0	0.0	0.0	0.0	2.0	0.0	0.0	0.0	0.0	0.0	0.0	0.0	5.0	0.0	0.0	0.0	0.0	5.0	0.0	0.0	0.0	0.0	0.0	0.0	0.0	30.0	0.0	11.0	0.0	0.0	1500.0	0.0	4.0	0.0	0.0	0.0	0.0	0.0	0.0	0.0	0.0	0.0	0.0	0.0	0.0	0.0	12.0	6.0	0.0	3.0	4.0	0.0	0.0	0.0	2.0	2.0	82.0	0.0	0.0	8.0	0.0	0.0	0.0	34.0	0.0	0.0	0.0	0.0	0.0	0.0	0.0	0.0	0.0	0.0	0.0	0.0	0.0	0.0	0.0	0.0	0.0	0.0	0.0	0.0	0.0	0.0	0.0	0.0	0.0	0.0	6.0	0.0	0.0	0.0	0.0	0.0	0.0	0.0	0.0	0.0	0.0	3.0	0.0	0.0	5.0	0.0	0.0	0.0	0.0	0.0	0.0	0.0	0.0	0.0	0.0	0.0	0.0	0.0	0.0	0.0	0.0	0.0	0.0	0.0	0.0	0.0	0.0	0.0	0.0	0.0	0.0	0.0	0.0	0.0	0.0	0.0	0.0	0.0	0.0	2.0	4134.0	0.0	0.0	0.0	0.0	136.0	0.0	0.0	46.0	0.0	0.0	0.0	0.0	9.0	0.0	4.0	0.0	0.0	0.0	0.0	0.0	0.0	0.0	0.0	0.0	0.0	0.0	0.0	0.0	0.0	0.0	0.0	0.0	0.0	0.0	2.0	0.0	0.0	0.0	0.0	0.0	0.0	0.0	0.0	282.0	0.0	3.0	4.0	0.0	0.0	0.0	0.0	0.0	0.0	0.0	0.0	0.0	0.0	0.0	0.0	0.0	0.0	0.0	0.0	0.0	0.0	0.0	0.0	0.0	0.0	0.0	4.0	0.0	0.0	0.0	3.0	0.0	0.0	0.0	0.0	0.0	0.0	0.0	0.0	0.0	0.0	0.0	0.0	0.0	0.0	0.0	0.0	0.0	0.0	0.0	0.0	0.0	0.0	0.0	0.0	0.0	0.0	0.0	0.0	0.0	0.0	0.0	49.0	22.0	6.0	0.0	0.0	0.0	0.0	0.0	0.0	0.0	0.0	0.0	0.0	0.0	0.0	0.0	0.0	0.0	0.0	0.0	0.0	0.0	0.0	0.0	0.0	0.0	0.0	0.0	0.0	0.0	0.0	0.0	0.0	0.0	0.0	0.0	0.0	0.0	0.0	4.0	0.0	0.0	0.0	0.0	0.0	0.0	0.0	2.0	0.0	0.0	0.0	0.0	0.0	0.0	0.0	0.0	0.0	0.0	0.0	0.0	0.0	0.0	0.0	0.0	3.0	0.0	0.0	0.0	12.0	0.0	0.0	0.0	0.0	0.0	0.0	0.0	0.0	0.0	0.0	0.0	0.0	0.0	0.0	0.0	0.0	0.0	0.0	0.0	0.0	17.0	11.0	3.0	0.0	0.0	0.0	0.0	0.0	0.0	0.0	0.0	0.0	0.0	0.0	0.0	0.0	0.0	0.0	0.0	0.0	0.0	0.0
78	3352.0	3318.0	169.0	0.0	362.0	61.0	179.0	479.0	0.0	351.0	225.0	440.0	0.0	5.0	0.0	11.0	0.0	12.0	0.0	0.0	60.0	0.0	0.0	426.0	0.0	0.0	0.0	168.0	74.0	0.0	0.0	11.0	0.0	10.0	3.0	0.0	0.0	0.0	0.0	390.0	0.0	0.0	0.0	0.0	10.0	6.0	0.0	0.0	0.0	49.0	0.0	0.0	0.0	0.0	0.0	7.0	0.0	13.0	0.0	0.0	7.0	36.0	0.0	12.0	0.0	0.0	2.0	19.0	10.0	344.0	25.0	0.0	0.0	793.0	617.0	0.0	0.0	7.0	7.0	0.0	148.0	0.0	8.0	0.0	0.0	0.0	54.0	0.0	6.0	0.0	0.0	0.0	0.0	0.0	0.0	0.0	6549.0	0.0	46.0	0.0	4.0	0.0	0.0	0.0	0.0	0.0	0.0	6.0	3.0	0.0	0.0	0.0	0.0	0.0	0.0	0.0	0.0	0.0	0.0	0.0	0.0	0.0	0.0	0.0	0.0	0.0	0.0	9.0	0.0	3.0	0.0	0.0	0.0	0.0	0.0	0.0	0.0	37.0	0.0	0.0	0.0	0.0	0.0	0.0	0.0	0.0	0.0	0.0	0.0	8.0	0.0	0.0	163.0	0.0	0.0	0.0	0.0	0.0	0.0	0.0	22.0	0.0	0.0	3.0	0.0	0.0	40.0	0.0	2.0	0.0	0.0	0.0	0.0	0.0	2.0	0.0	0.0	0.0	0.0	0.0	0.0	22.0	0.0	0.0	0.0	0.0	0.0	137.0	0.0	0.0	0.0	0.0	7.0	0.0	0.0	0.0	0.0	0.0	0.0	0.0	0.0	0.0	0.0	0.0	0.0	0.0	0.0	0.0	0.0	0.0	0.0	0.0	0.0	2.0	0.0	0.0	0.0	0.0	0.0	0.0	45.0	0.0	0.0	0.0	0.0	0.0	72.0	0.0	0.0	0.0	0.0	0.0	0.0	0.0	0.0	0.0	0.0	5.0	0.0	0.0	0.0	13.0	0.0	0.0	0.0	0.0	0.0	0.0	0.0	0.0	0.0	13.0	0.0	0.0	0.0	0.0	0.0	0.0	0.0	0.0	0.0	0.0	643.0	0.0	2.0	0.0	0.0	0.0	0.0	0.0	0.0	0.0	45.0	12.0	0.0	12.0	40.0	241.0	0.0	0.0	0.0	0.0	0.0	7.0	0.0	0.0	0.0	0.0	0.0	0.0	0.0	0.0	0.0	0.0	0.0	2.0	0.0	0.0	0.0	0.0	0.0	0.0	0.0	0.0	0.0	0.0	21.0	4.0	47.0	0.0	25.0	0.0	0.0	0.0	0.0	0.0	0.0	0.0	0.0	0.0	0.0	0.0	0.0	0.0	0.0	0.0	0.0	0.0	0.0	0.0	0.0	0.0	0.0	0.0	0.0	0.0	4.0	0.0	0.0	0.0	0.0	16.0	0.0	0.0	0.0	0.0	0.0	0.0	0.0	0.0	0.0	0.0	0.0	0.0	0.0	9.0	0.0	0.0	0.0	0.0	0.0	0.0	0.0	0.0	0.0	0.0	4.0	0.0	0.0	0.0	0.0	0.0	0.0	0.0	0.0	0.0	11.0	0.0	2.0	13.0	25.0	0.0	10.0	0.0	0.0	0.0	0.0	0.0	0.0	0.0	0.0	0.0	13.0	0.0	0.0	0.0	0.0	1.0	0.0	0.0	0.0	0.0	0.0	0.0	0.0	0.0	0.0	0.0	0.0	0.0	25.0	0.0	0.0	0.0	0.0	0.0	2.0	9.0	0.0	0.0	0.0	0.0	0.0	0.0	0.0	0.0	0.0	2.0	0.0	0.0	0.0	0.0	0.0	0.0	0.0	0.0	0.0	0.0	0.0	0.0	0.0	0.0	0.0	0.0	0.0	0.0	0.0	0.0	0.0	0.0	0.0	0.0	0.0	0.0	0.0	0.0	0.0	0.0	0.0	0.0	0.0	46.0	37.0	0.0	0.0	0.0	0.0	0.0	0.0	0.0	0.0	0.0	0.0	0.0	0.0	0.0	0.0	0.0	0.0	0.0
125	40.0	1186.0	0.0	31.0	178.0	0.0	249.0	21.0	32.0	2952.0	21.0	2543.0	359.0	49.0	0.0	1.0	923.0	32.0	0.0	0.0	283.0	0.0	0.0	48.0	0.0	0.0	198.0	332.0	607.0	2.0	0.0	0.0	15.0	0.0	0.0	0.0	0.0	0.0	27.0	155.0	2.0	0.0	0.0	80.0	6.0	268.0	0.0	0.0	0.0	11.0	23.0	216.0	0.0	0.0	0.0	0.0	0.0	0.0	0.0	0.0	0.0	1204.0	0.0	0.0	44.0	0.0	0.0	962.0	0.0	0.0	107.0	0.0	10.0	12.0	205.0	0.0	0.0	138.0	59.0	7.0	19.0	419.0	41.0	0.0	0.0	0.0	8.0	0.0	0.0	0.0	0.0	0.0	0.0	0.0	0.0	48.0	3.0	0.0	10.0	19.0	0.0	0.0	0.0	0.0	4.0	0.0	0.0	0.0	5.0	0.0	0.0	0.0	0.0	0.0	0.0	0.0	15.0	0.0	0.0	0.0	0.0	0.0	0.0	6.0	2.0	0.0	32.0	0.0	0.0	0.0	0.0	19.0	2.0	0.0	0.0	0.0	0.0	8.0	15.0	0.0	0.0	0.0	0.0	0.0	0.0	0.0	0.0	0.0	0.0	0.0	11.0	24.0	10.0	35.0	0.0	11.0	0.0	0.0	0.0	0.0	0.0	0.0	0.0	8.0	0.0	0.0	0.0	0.0	0.0	8.0	0.0	0.0	0.0	0.0	85.0	3.0	0.0	0.0	0.0	0.0	0.0	53.0	0.0	0.0	0.0	155.0	0.0	34.0	0.0	0.0	0.0	0.0	0.0	5.0	0.0	0.0	0.0	0.0	0.0	0.0	0.0	0.0	0.0	0.0	0.0	0.0	0.0	0.0	0.0	0.0	0.0	0.0	0.0	0.0	0.0	0.0	0.0	0.0	0.0	0.0	0.0	0.0	0.0	0.0	0.0	0.0	49.0	0.0	11.0	0.0	0.0	0.0	0.0	0.0	0.0	0.0	0.0	9.0	0.0	0.0	0.0	5.0	0.0	0.0	15.0	0.0	0.0	0.0	0.0	0.0	2.0	10.0	16.0	3.0	0.0	11.0	0.0	0.0	2.0	2.0	0.0	6.0	38.0	0.0	4.0	0.0	3.0	0.0	0.0	0.0	0.0	0.0	0.0	100.0	0.0	4.0	0.0	0.0	0.0	0.0	0.0	0.0	0.0	0.0	21.0	4.0	18.0	0.0	0.0	0.0	0.0	0.0	0.0	0.0	0.0	0.0	0.0	0.0	0.0	0.0	0.0	7.0	0.0	0.0	3.0	0.0	0.0	0.0	20.0	5.0	0.0	0.0	0.0	0.0	0.0	0.0	0.0	203.0	0.0	0.0	2.0	0.0	0.0	0.0	0.0	0.0	0.0	0.0	0.0	0.0	0.0	0.0	0.0	5.0	0.0	0.0	3.0	0.0	0.0	0.0	28.0	0.0	3.0	0.0	0.0	0.0	0.0	0.0	0.0	0.0	0.0	0.0	0.0	0.0	0.0	0.0	0.0	0.0	0.0	0.0	0.0	0.0	0.0	0.0	0.0	5.0	0.0	0.0	0.0	0.0	0.0	0.0	0.0	0.0	0.0	0.0	0.0	0.0	0.0	0.0	0.0	0.0	0.0	0.0	0.0	0.0	0.0	0.0	0.0	0.0	0.0	0.0	0.0	0.0	0.0	0.0	0.0	0.0	0.0	0.0	0.0	0.0	10.0	0.0	0.0	0.0	0.0	0.0	0.0	0.0	0.0	0.0	0.0	0.0	0.0	0.0	0.0	0.0	0.0	0.0	0.0	0.0	0.0	0.0	0.0	0.0	0.0	0.0	0.0	0.0	0.0	0.0	0.0	13.0	0.0	0.0	0.0	18.0	0.0	0.0	0.0	0.0	0.0	0.0	0.0	0.0	0.0	0.0	0.0	0.0	0.0	0.0	0.0	0.0	0.0	0.0	0.0	0.0	0.0	0.0	18.0	0.0	0.0	793.0	121.0	56.0	0.0	0.0	0.0	0.0	0.0	0.0	0.0	0.0	0.0	0.0	0.0	0.0	0.0	0.0
101	199.0	1375.0	59.0	139.0	65.0	8.0	864.0	4.0	0.0	87.0	32.0	438.0	284.0	0.0	0.0	44.0	176.0	0.0	0.0	108.0	143.0	4.0	0.0	48.0	0.0	0.0	5.0	66.0	168.0	0.0	5.0	0.0	0.0	0.0	1.0	6.0	2.0	106.0	26.0	53.0	0.0	0.0	19.0	0.0	0.0	0.0	0.0	14.0	0.0	302.0	31.0	17.0	0.0	0.0	0.0	36.0	13.0	114.0	6.0	17.0	195.0	1766.0	2.0	0.0	5.0	101.0	0.0	46.0	27.0	698.0	121.0	0.0	21.0	62.0	356.0	0.0	0.0	1222.0	2.0	51.0	84.0	0.0	188.0	0.0	0.0	19.0	0.0	0.0	0.0	71.0	11.0	0.0	11.0	4.0	0.0	0.0	5.0	0.0	17.0	2.0	0.0	3.0	0.0	0.0	25.0	0.0	4.0	1.0	0.0	1.0	0.0	0.0	0.0	0.0	0.0	6.0	0.0	0.0	4.0	0.0	3.0	0.0	0.0	5.0	0.0	0.0	4.0	0.0	0.0	0.0	0.0	0.0	0.0	0.0	0.0	0.0	0.0	0.0	0.0	0.0	0.0	2.0	0.0	0.0	0.0	0.0	0.0	0.0	0.0	0.0	0.0	0.0	20.0	0.0	2.0	20.0	0.0	0.0	0.0	0.0	0.0	1.0	0.0	0.0	0.0	0.0	9.0	2.0	3.0	0.0	0.0	0.0	16.0	14.0	0.0	0.0	0.0	77.0	52.0	0.0	10.0	1173.0	2.0	1119.0	90.0	0.0	0.0	0.0	0.0	4.0	0.0	6.0	21.0	0.0	0.0	0.0	125.0	4.0	0.0	0.0	29.0	10.0	0.0	0.0	0.0	0.0	10.0	5.0	0.0	0.0	36.0	0.0	4.0	3.0	0.0	0.0	1302.0	0.0	0.0	0.0	118.0	0.0	0.0	79.0	0.0	21.0	27.0	0.0	8.0	0.0	0.0	0.0	0.0	0.0	0.0	12.0	0.0	0.0	0.0	0.0	24.0	0.0	0.0	0.0	0.0	8.0	3.0	0.0	0.0	0.0	0.0	0.0	0.0	91.0	0.0	0.0	0.0	6.0	0.0	7.0	0.0	0.0	66.0	12.0	0.0	0.0	0.0	0.0	0.0	0.0	0.0	0.0	10.0	0.0	0.0	0.0	0.0	4.0	0.0	0.0	0.0	0.0	0.0	0.0	0.0	47.0	0.0	0.0	0.0	0.0	0.0	0.0	13.0	0.0	0.0	0.0	0.0	0.0	0.0	6.0	0.0	0.0	0.0	0.0	0.0	0.0	0.0	0.0	54.0	0.0	6.0	34.0	0.0	0.0	0.0	0.0	0.0	0.0	0.0	5.0	0.0	0.0	0.0	0.0	0.0	32.0	0.0	4.0	0.0	0.0	0.0	0.0	0.0	40.0	0.0	2.0	3.0	0.0	2.0	0.0	3.0	0.0	0.0	4.0	0.0	0.0	0.0	0.0	0.0	0.0	0.0	0.0	0.0	0.0	0.0	30.0	0.0	0.0	83.0	0.0	0.0	0.0	0.0	0.0	0.0	6.0	2.0	0.0	8.0	257.0	0.0	0.0	0.0	0.0	0.0	0.0	0.0	0.0	2.0	0.0	10.0	0.0	0.0	0.0	0.0	0.0	0.0	0.0	0.0	0.0	0.0	0.0	0.0	0.0	0.0	0.0	15.0	0.0	0.0	0.0	0.0	0.0	0.0	0.0	0.0	0.0	0.0	0.0	0.0	807.0	0.0	0.0	0.0	0.0	0.0	0.0	4.0	0.0	0.0	28.0	0.0	3.0	0.0	0.0	0.0	0.0	0.0	0.0	0.0	8.0	0.0	0.0	0.0	27.0	426.0	0.0	0.0	0.0	0.0	0.0	0.0	0.0	0.0	0.0	41.0	22.0	0.0	0.0	0.0	0.0	0.0	0.0	0.0	0.0	0.0	0.0	0.0	108.0	0.0	3.0	0.0	0.0	0.0	0.0	0.0	0.0	702.0	600.0	437.0	156.0	136.0	50.0	35.0	19.0	19.0	15.0	14.0	12.0	11.0	10.0
