	50076	510	80129	50395	156	160	3	6165	715	147	523	50070	80142	678	528	10	80152	45	560	521	6128	538	6168	6163	540	76	78	125	101
N9743	328.91011360376785	284.90319077246784	280.90594094452024	306.8111612768525	313.6472475180763	324.57420656032866	291.11876245257037	317.44587056837906	297.1159935004504	296.3722092856315	283.32309556960365	281.89683318933527	287.9010452356789	321.44029549850086	303.6382983768782	295.992714551457	297.8629942294863	293.54305599569153	296.85106932526804	312.36407215468785	291.6246680492395	331.6861720849277	307.43331414197183	333.2885275092595	293.9943476024928	323.7827415228398	271.0439855974186	293.40698163495483	286.5174542456604
N9742	333.2293645937678	289.22244176246744	285.22519193452	311.1304122668524	317.9664985080762	328.89345755032866	295.4380134425706	321.7651215583791	301.4352444904504	300.69146027563175	287.6423465596037	286.21608417933516	292.22029622567896	325.7595464885005	307.95754936687786	300.3119655414571	302.1822452194864	297.8623069856915	301.1703203152681	316.68332314468785	295.94391903923935	336.00542307492753	311.75256513197206	337.60777849925967	298.3135985924931	328.1019925128398	275.3632365874185	297.7262326249551	290.8367052356604
N9741	329.05243240376774	285.04550957246767	281.0482597445199	306.9534800768523	313.7895663180762	324.716525360329	291.26108125257025	317.58818936837906	297.2583123004505	296.5145280856317	283.4654143696038	282.0391519893354	288.04336403567896	321.5826142985005	303.78061717687797	296.1350333514572	298.0053130294866	293.6853747956915	296.9933881252681	312.5063909546877	291.76698684923946	331.8284908849276	307.57563294197155	333.43084630925955	294.1366664024927	323.9250603228398	271.18630439741855	293.54930043495483	286.65977304566036
N9740	325.18364720376786	281.17672437246773	277.17947454452013	303.08469487685244	309.92078111807615	320.8477401603285	287.3922960525705	313.71940416837924	293.3895271004503	292.6457428856318	279.5966291696037	278.17036678933505	284.1745788356789	317.7138290985007	299.91183197687815	292.2662481514571	294.13652782948634	289.8165895956914	293.1246029252683	308.6376057546878	287.8982016492397	327.95970568492754	303.70684774197207	329.5620611092595	290.26788120249273	320.0562751228399	267.31751919741873	289.68051523495484	282.7909878456604
N9737	327.45288481376775	283.4459619824675	279.44871215452	305.35393248685256	312.19001872807627	323.11697777032896	289.6615336625706	315.988641778379	295.6587647104503	294.91498049563177	281.8658667796038	280.4396043993351	286.44381644567875	319.9830667085	302.18106958687775	294.53548576145715	296.4057654394864	292.0858272056915	295.3938405352684	310.9068433646879	290.16743925923964	330.22894329492766	305.976085351972	331.83129871925945	292.53711881249274	322.3255127328399	269.5867568074187	291.9497528449546	285.0602254556606
N9736	326.53404627376784	282.52712344246754	278.52987361452006	304.4350939468525	311.2711801880764	322.19813923032905	288.7426951225702	315.0698032383791	294.73992617045036	293.99614195563163	280.94702823960347	279.5207658593352	285.5249779056788	319.06422816850034	301.26223104687807	293.6166472214571	295.4869268994864	291.16698866569146	294.4750019952683	309.98800482468795	289.2486007192397	329.3101047549276	305.0572468119721	330.91246017925954	291.61828027249277	321.4066741928399	268.66791826741854	291.03091430495476	284.1413869156604
N9735	337.1917846137678	293.18486178246764	289.1876119545201	315.0928322868523	321.92891852807617	332.8558775703288	299.4004334625706	325.727541578379	305.39766451045057	304.653880295632	291.6047665796034	290.17850419933524	296.1827162456786	329.72196650850054	311.9199693868782	304.27438556145717	306.14466523948647	301.82472700569144	305.1327403352682	320.6457431646881	299.90633905923943	339.96784309492756	315.71498515197214	341.5701985192596	302.27601861249303	332.06441253283987	279.32565660741847	301.68865264495463	294.7991252556605
N9730	264.03435965535607	217.59971399204207	219.44090130263973	242.05164919522613	248.72836600701672	259.96818142224436	227.82325338157122	252.4300039369138	232.11326727987475	231.34238847639998	218.17775737151666	208.32857620195873	223.83454135906513	256.6343677608001	236.11508212065598	231.07664799503598	225.32834016273762	229.28227813039587	231.69034937973746	247.3303781092383	226.85154463393405	266.59353533877317	242.65561835545512	268.2487507316808	228.85374189671148	259.10269755768604	202.51429785377044	228.6650071535563	222.5928713396905
N9729	264.56184268535605	218.12719702204225	219.9683843326397	242.57913222522635	249.25584903701687	260.49566445224417	228.35073641157103	252.95748696691376	232.6407503098749	231.8698715064002	218.70524040151665	208.85605923195862	224.362024389065	257.16185079080003	236.64256515065608	231.6041310250359	225.85582319273772	229.80976116039588	232.21783240973738	247.8578611392384	227.379027663934	267.1210183687735	243.18310138545516	268.77623376168077	229.3812249267114	259.63018058768574	203.04178088377046	229.19249018355643	223.12035436969035
N9728	263.664135085356	217.2388665607155	219.07067673263975	241.68150163933723	248.35818477508744	259.5980396215621	227.4530288115712	252.05985715832637	231.7430427098749	230.97216390640014	217.8076459803548	207.99568680316403	223.46494438596451	256.26437566914046	235.75761858200877	230.70844498906925	224.99117799323707	228.91218848666034	231.3207985291368	246.96323603626905	226.48132006393402	266.22357312261533	242.28539378545526	267.8785261616808	228.48422245276652	258.7324729876859	202.1602124018754	228.295092743672	222.2240117399814
N9727	264.99014409535624	218.9152516966652	220.39668574263962	243.02381720137257	249.6858131090439	260.9271413012902	228.77903782157114	253.38877283897972	233.0690517198749	232.2981729164001	219.15198030736988	210.7167218551237	224.81440350989922	257.5990712159462	237.56044262953515	232.12827716251672	227.5525612687715	230.24626391325205	232.6733059369286	248.40442233066594	227.80732907393414	267.5593849654416	243.61140279545512	269.20453517168085	229.83657844813854	260.05848199768576	204.08925842291947	229.6326908645408	223.6108941272194
N9726	276.2174626453562	231.73343445999856	231.62400429263968	254.32517478586897	260.92048411356734	272.16850195413315	240.0063563715712	264.6292889728896	244.2963702698748	243.52549146639998	230.46250398716649	228.27808214614393	236.1481960582526	268.8658305255148	250.9527145636278	243.78159480907624	244.38903113804224	241.5102075998846	244.02093905643096	260.15469723061625	239.03464762393406	278.831212757872	254.83872134545524	280.4318537216808	241.1835240875815	271.2858005476859	218.0546345320227	240.91262915766868	235.1146050173951
N9704	261.109975972412	220.78384905600294	232.14163239374906	239.85138184181406	247.88831508577383	258.62973786817014	229.03742293264492	252.4186172336175	228.80351999279003	228.06824246875524	222.20714836811965	221.24174132474775	225.8693781604609	253.9029068101057	241.9138812222062	232.6974551196187	236.47779628629124	228.78730758768523	229.58352719680732	247.33271083649348	224.0681733760762	264.4070648690494	239.7099792159099	264.751103476627	228.06394029223657	258.4079344423215	213.02111316782555	226.2755537578661	223.83080678022026
N9703	261.2991199124122	220.97299299600286	232.3307763337491	240.04052578181398	248.0774590257739	258.8188818081701	229.22656687264507	252.6077611736177	228.99266393278992	228.25738640875534	222.39629230811968	221.43088526474781	226.05852210046078	254.09205075010533	242.10302516220605	232.88659905961885	236.66694022629122	228.97645152768519	229.77267113680722	247.52185477649348	224.25731731607618	264.5962088090495	239.89912315591005	264.94024741662696	228.25308423223666	258.59707838232157	213.21025710782573	226.4646976978662	224.0199507202203
N9702	261.69209226241213	221.36596534600272	232.7237486837491	240.43349813181405	248.47043137577396	259.21185415817	229.61953922264496	253.0007335236176	229.38563628279	228.6503587587553	222.78926465811958	221.8238576147477	226.45149445046093	254.48502310010554	242.49599751220623	233.27957140961877	237.0599125762913	229.36942387768534	230.16564348680728	247.9148271264934	224.65028966607613	264.9891811590492	240.29209550590994	265.333219766627	228.64605658223653	258.9900507323214	213.6032294578257	226.85767004786624	224.41292307022047
N9701	261.086535972412	220.76040905600283	232.11819239374907	239.82794184181407	247.8648750857739	258.6062978681701	229.01398293264486	252.39517723361763	228.78007999279006	228.04480246875525	222.18370836811954	221.21830132474773	225.84593816046078	253.87946681010544	241.89044122220605	232.67401511961887	236.45435628629122	228.76386758768527	229.5600871968073	247.3092708364935	224.0447333760761	264.3836248690492	239.68653921590987	264.7276634766272	228.04050029223671	258.3844944423214	212.99767316782572	226.25211375786606	223.80736678022024
N9699	261.920326372412	221.59419945600274	232.95198279374898	240.66173224181384	248.69866548577403	259.44008826817003	229.84777333264492	253.22896763361763	229.61387039279003	228.87859286875533	223.01749876811976	222.05209172474773	226.67972856046086	254.71325721010547	242.724231622206	233.5078055196188	237.2881466862914	229.5976579876853	230.39387759680727	248.14306123649348	224.87852377607615	265.2174152690495	240.52032961590996	265.5614538766269	228.87429069223643	259.21828484232157	213.83146356782572	227.08590415786603	224.64115718022043
N9698	261.656176372412	221.3300494560028	232.68783279374907	240.39758224181392	248.434515485774	259.1759382681701	229.58362333264495	252.96481763361777	229.34972039279012	228.61444286875533	222.75334876811965	221.7879417247477	226.41557856046074	254.44910721010547	242.4600816222061	233.24365551961876	237.0239966862913	229.3335079876852	230.12972759680727	247.87891123649348	224.61437377607606	264.95326526904944	240.25617961591007	265.2973038766269	228.61014069223666	258.9541348423216	213.56731356782572	226.82175415786617	224.37700718022035
N9694	262.3536821024119	222.02755518600281	233.3853385237491	241.09508797181397	249.1320212157739	259.8734439981701	230.28112906264508	253.66232336361753	230.04722612279005	229.31194859875532	223.4508544981197	222.4854474547477	227.11308429046093	255.14661294010543	243.15758735220626	233.94116124961877	237.7215024162914	230.03101371768534	230.8272333268073	248.57641696649344	225.3118795060763	265.6507709990494	240.95368534590986	265.994809606627	229.30764642223662	259.6516405723215	214.26481929782565	227.5192598878661	225.07451291022025
N9693	262.35131248241225	222.0251855660026	233.38296890374926	241.09271835181409	249.129651595774	259.8710743781703	230.278759442645	253.6599537436177	230.04485650279008	229.30957897875533	223.44848487811973	222.48307783474772	227.11071467046082	255.14424332010563	243.15521773220613	233.9387916296189	237.7191327962915	230.02864409768523	230.8248637068074	248.57404734649344	225.30950988607614	265.6484013790495	240.95131572591012	265.9924399866271	229.30527680223653	259.64927095232156	214.26244967782566	227.51689026786607	225.07214329022045
N9692	262.0200672424121	221.69394032600275	233.05172366374904	240.76147311181407	248.79840635577384	259.53982913817003	229.94751420264498	253.3287085036175	229.71361126279007	228.9783337387554	223.11723963811966	222.15183259474776	226.77946943046092	254.81299808010544	242.82397249220625	233.60754638961893	237.3878875562913	229.6973988576853	230.49361846680716	248.24280210649349	224.97826464607613	265.3171561390492	240.62007048591005	265.66119474662685	228.9740315622366	259.3180257123215	213.9312044378256	227.18564502786614	224.74089805022055
N9691	261.60017394241186	221.2740470260029	232.6318303637491	240.34157981181394	248.37851305577388	259.11993583817014	229.52762090264494	252.9088152036176	229.2937179627901	228.5584404387553	222.69734633811967	221.7319392947477	226.35957613046085	254.39310478010552	242.4040791922061	233.187653089619	236.96799425629143	229.2775055576853	230.0737251668075	247.82290880649325	224.55837134607617	264.8972628390495	240.20017718591	265.24130144662695	228.55413826223665	258.8981324123215	213.5113111378256	226.76575172786613	224.3210047502203
N9690	260.24057604241193	219.91444912600275	231.27223246374908	238.98198191181402	247.018915155774	257.7603379381701	228.16802300264487	251.5492173036176	227.93412006279002	227.19884253875526	221.33774843811955	220.3723413947479	224.99997823046087	253.03350688010545	241.04448129220626	231.82805518961877	235.60839635629134	227.91790765768528	228.71412726680725	246.4633109064935	223.19877344607613	263.5376649390495	238.84057928590994	263.88170354662685	227.19454036223658	257.5385345123215	212.15171323782567	225.40615382786623	222.96140685022033
N9688	261.2970471324121	220.9709202160029	232.328703553749	240.03845300181382	248.07538624577398	258.8168090281701	229.2244940926449	252.6056883936176	228.99059115278993	228.25531362875535	222.39421952811966	221.42881248474777	226.05644932046096	254.08997797010554	242.10095238220615	232.8845262796187	236.66486744629128	228.97437874768528	229.7705983568072	247.51978199649335	224.2552445360762	264.5941360290494	239.89705037591	264.9381746366271	228.25101145223653	258.59500560232163	213.2081843278255	226.462624917866	224.01787794022036
N9687	260.8745907424123	220.54846382600283	231.9062471637491	239.61599661181404	247.65292985577395	258.3943526381701	228.8020377026449	252.18323200361775	228.56813476279004	227.83285723875537	221.97176313811977	221.0063560947477	225.6339929304609	253.6675215801055	241.67849599220608	232.46206988961876	236.24241105629156	228.55192235768527	229.34814196680733	247.0973256064936	223.8327881460761	264.1716796390494	239.47459398590993	264.5157182466269	227.8285550622366	258.17254921232166	212.78572793782578	226.04016852786603	223.59542155022035
N9681	262.1147298324119	221.78860291600282	233.14638625374914	240.85613570181394	248.89306894577402	259.6344917281702	230.04217679264508	253.42337109361753	229.80827385279002	229.07299632875535	223.2119022281197	222.24649518474774	226.8741320204608	254.90766067010554	242.9186350822061	233.70220897961875	237.48255014629132	229.79206144768528	230.58828105680732	248.3374646964934	225.0729272360762	265.4118187290494	240.71473307590998	265.75585733662706	229.06869415223682	259.41268830232127	214.02586702782577	227.28030761786601	224.83556064022028
N9680	262.3456297224122	222.01950280600283	233.3772861437492	241.08703559181393	249.12396883577392	259.86539161817007	230.27307668264513	253.65427098361764	230.03917374279004	229.3038962187554	223.44280211811957	222.47739507474773	227.10503191046078	255.1385605601055	243.1495349722062	233.93310886961885	237.7134500362914	230.02296133768522	230.81918094680734	248.56836458649352	225.3038271260763	265.6427186190494	240.9456329659098	265.98675722662693	229.2995940422367	259.6435881923215	214.25676691782581	227.51120750786615	225.06646053022027
N9679	261.8485432024121	221.52241628600288	232.8801996237491	240.58994907181412	248.62688231577383	259.3683050981701	229.77599016264506	253.15718446361757	229.54208722279006	228.80680969875527	222.94571559811973	221.9803085547477	226.60794539046097	254.6414740401056	242.65244845220616	233.43602234961887	237.21636351629127	229.5258748176853	230.3220944268072	248.07127806649345	224.8067406060762	265.1456320990495	240.44854644590984	265.48967070662695	228.8025075222365	259.1465016723216	213.75968039782558	227.0141209878662	224.56937401022032
N9678	260.04813069241186	219.72200377600285	231.07978711374906	238.78953656181397	246.82646980577405	257.56789258817	227.97557765264486	251.35677195361765	227.74167471279006	227.00639718875536	221.14530308811968	220.17989604474778	224.80753288046085	252.84106153010552	240.8520359422061	231.63560983961887	235.41595100629127	227.7254623076852	228.52168191680735	246.27086555649356	223.00632809607612	263.34521958904935	238.64813393591	263.689258196627	227.00209501223654	257.3460891623214	211.95926788782563	225.2137084778663	222.76896150022043
N9677	259.64786589241214	219.3217389760027	230.67952231374915	238.38927176181411	246.426205005774	257.16762778817014	227.57531285264488	250.9565071536176	227.3414099127901	226.60613238875536	220.74503828811967	219.77963124474778	224.4072680804611	252.4407967301056	240.4517711422061	231.2353450396189	235.0156862062913	227.32519750768532	228.12141711680718	245.87060075649353	222.6060632960762	262.9449547890494	238.24786913590984	263.28899339662695	226.60183021223642	256.94582436232145	211.55900308782572	224.8134436778661	222.36869670022034
N9675	261.69586283241176	221.3697359160027	232.7275192537491	240.43726870181405	248.47420194577387	259.21562472817016	229.62330979264493	253.00450409361773	229.3894068527901	228.65412932875532	222.79303522811966	221.82762818474774	226.4552650204609	254.48879367010554	242.49976808220597	233.28334197961885	237.06368314629125	229.3731944476853	230.16941405680737	247.91859769649346	224.6540602360761	264.9929517290494	240.29586607591003	265.336990336627	228.64982715223675	258.9938213023215	213.6070000278257	226.86144061786615	224.4166936402204
N9674	261.95648724241204	221.6303603260027	232.98814366374904	240.6978931118139	248.73482635577398	259.4762491381701	229.8839342026451	253.2651285036176	229.65003126278998	228.91475373875537	223.05365963811965	222.08825259474793	226.7158894304609	254.74941808010558	242.76039249220634	233.5439663896188	237.32430755629113	229.6338188576852	230.43003846680725	248.17922210649323	224.91468464607607	265.25357613904924	240.55649048591005	265.59761474662696	228.9104515622366	259.2544457123215	213.86762443782567	227.1220650278662	224.67731805022018
N9667	263.06826559241216	222.7421386760027	234.09992201374902	241.80967146181396	249.84660470577387	260.58802748817004	230.99571255264502	254.37690685361756	230.76180961279002	230.0265320887553	224.16543798811955	223.20003094474777	227.8276677804608	255.86119643010548	243.87217084220617	234.65574473961888	238.43608590629128	230.74559720768528	231.5418168168073	249.29100045649326	226.02646299607616	266.36535448904925	241.66826883590994	266.709393096627	230.0222299122366	260.36622406232146	214.97940278782568	228.23384337786624	225.78909640022033
N9666	262.91840275241196	222.59227583600278	233.9500591737491	241.6598086218141	249.69674186577402	260.4381646481702	230.84584971264482	254.2270440136177	230.6119467727899	229.87666924875532	224.01557514811967	223.05016810474768	227.67780494046076	255.7113335901056	243.72230800220623	234.50588189961894	238.28622306629134	230.59573436768528	231.39195397680712	249.14113761649352	225.8766001560762	266.21549164904945	241.51840599591014	266.5595302566272	229.87236707223664	260.2163612223215	214.82953994782557	228.08398053786613	225.6392335602204
N9665	261.826944162412	221.5008172460028	232.85860058374922	240.56835003181416	248.60528327577387	259.3467060581701	229.75439112264488	253.13558542361758	229.52048818279013	228.78521065875537	222.9241165581196	221.95870951474774	226.5863463504609	254.6198750001055	242.63084941220617	233.41442330961877	237.19476447629137	229.50427577768528	230.30049538680726	248.0496790264934	224.7851415660761	265.12403305904945	240.4269474059098	265.468071666627	228.78090848223664	259.1249026323216	213.7380813578256	226.99252194786598	224.5477749702203
N9664	260.4044066724122	220.07827975600287	231.4360630937492	239.14581254181408	247.18274578577396	257.92416856817005	228.331853632645	251.7130479336176	228.09795069278994	227.36267316875535	221.50157906811972	220.5361720247477	225.16380886046085	253.19733751010565	241.2083119222063	231.99188581961883	235.7722269862914	228.08173828768534	228.87795789680726	246.62714153649335	223.3626040760761	263.7014955690494	239.00440991591003	264.0455341766269	227.35837099223662	257.70236514232136	212.31554386782574	225.56998445786613	223.12523748022036
N9663	259.77881435241216	219.45268743600258	230.81047077374913	238.52022022181387	246.55715346577398	257.2985762481701	227.70626131264495	251.08745561361775	227.47235837278996	226.73708084875534	220.8759867481197	219.91057970474773	224.53821654046087	252.57174519010545	240.5827196022061	231.3662934996189	235.1466346662913	227.45614596768525	228.25236557680734	246.00154921649326	222.73701175607616	263.07590324904913	238.37881759590982	263.41994185662696	226.73277867223658	257.0767728223213	211.6899515478257	224.9443921378661	222.49964516022027
N9660	261.4160876324119	221.0899607160028	232.44774405374895	240.1574935018139	248.19442674577402	258.9358495281701	229.34353459264483	252.72472889361757	229.10963165279014	228.3743541287554	222.51326002811962	221.54785298474778	226.17548982046085	254.20901847010552	242.21999288220613	233.0035667796188	236.78390794629146	229.09341924768526	229.88963885680718	247.63882249649353	224.37428503607606	264.7131765290494	240.01609087591	265.0572151366269	228.37005195223654	258.7140461023214	213.3272248278257	226.58166541786613	224.13691844022034
N9659	263.84439123241225	223.5182643160027	234.87604765374908	242.58579710181408	250.6227303457739	261.36415312817013	231.77183819264508	255.15303249361753	231.53793525279008	230.80265772875538	224.94156362811958	223.97615658474766	228.6037934204609	256.63732207010554	244.64829648220618	235.43187037961889	239.21221154629123	231.5217228476852	232.3179424568073	250.06712609649338	226.8025886360761	267.1414801290498	242.4443944759099	267.48551873662694	230.79835555223647	261.14234970232144	215.7555284278258	229.009969017866	226.56522204022045
N9658	261.31218720241213	220.98606028600295	232.34384362374902	240.05359307181405	248.09052631577393	258.8319490981702	229.23963416264493	252.6208284636176	229.00573122279	228.27045369875535	222.40935959811958	221.44395255474774	226.07158939046093	254.10511804010562	242.1160924522061	232.89966634961883	236.68000751629134	228.9895188176852	229.78573842680726	247.5349220664935	224.2703846060761	264.60927609904945	239.9121904459099	264.9533147066271	228.26615152223647	258.61014567232144	213.2233243978257	226.47776498786624	224.0330180102203
N9653	263.99603945241216	223.6699125360028	235.02769587374902	242.73744532181396	250.774378565774	261.51580134817016	231.92348641264505	255.30468071361756	231.68958347279008	230.95430594875535	225.09321184811986	224.1278048047478	228.75544164046093	256.78897029010545	244.79994470220615	235.58351859961883	239.3638597662914	231.6733710676852	232.46959067680726	250.21877431649338	226.95423685607608	267.29312834904937	242.59604269590997	267.6371669566271	230.95000377223673	261.2939979223215	215.90717664782554	229.16161723786612	226.71687026022028
N9652	266.1758392124119	225.84971229600268	237.20749563374912	244.9172450818141	252.95417832577394	263.69560110817	234.103286172645	257.48448047361757	233.8693832327901	233.13410570875533	227.27301160811976	226.30760456474775	230.93524140046088	258.96877005010543	246.97974446220607	237.76331835961875	241.54365952629135	233.85317082768526	234.6493904368073	252.39857407649342	229.13403661607623	269.47292810904946	244.77584245591	269.81696671662684	233.1298035322367	263.47379768232133	218.08697640782566	231.34141699786608	228.8966700202203
N9651	263.6440466324122	223.31791971600282	234.6757030537492	242.3854525018141	250.4223857457739	261.16380852817025	231.571493592645	254.95268789361765	231.33759065279	230.60231312875527	224.74121902811956	223.77581198474775	228.4034488204608	256.4369774701057	244.4479518822062	235.23152577961895	239.01186694629132	231.32137824768535	232.1175978568073	249.86678149649342	226.6022440360763	266.94113552904946	242.24404987590992	267.2851741366271	230.59801095223662	260.94200510232156	215.55518382782583	228.80962441786608	226.36487744022025
N9650	263.6332818224121	223.30715490600275	234.66493824374896	242.37468769181407	250.411620935774	261.1530437181699	231.56072878264493	254.94192308361772	231.32682584279016	230.59154831875531	224.7304542181197	223.76504717474785	228.3926840104609	256.42621266010553	244.43718707220606	235.22076096961894	239.0011021362913	231.3106134376852	232.10683304680728	249.8560166864935	226.5914792260762	266.93037071904934	242.23328506591	267.274409326627	230.5872461422366	260.93124029232143	215.54441901782562	228.79885960786615	226.3541126302203
N9647	264.09715372241203	223.77102680600274	235.1288101437491	242.83855959181398	250.8754928357739	261.6169156181701	232.02460068264503	255.40579498361757	231.79069774278997	231.05542021875527	225.19432611811965	224.22891907474784	228.85655591046083	256.8900845601054	244.90105897220602	235.68463286961887	239.4649740362912	231.7744853376853	232.57070494680724	250.31988858649328	227.0553511260761	267.39424261904946	242.69715696590993	267.73828122662695	231.05111804223662	261.39511219232156	216.0082909178256	229.2627315078663	226.81798453022034
N9646	262.7934855624121	222.46735864600285	233.82514198374903	241.534891431814	249.57182467577397	260.31324745817	230.72093252264497	254.10212682361768	230.48702958279023	229.75175205875527	223.8906579581198	222.92525091474772	227.55288775046085	255.58641640010558	243.59739081220613	234.38096470961887	238.16130587629135	230.47081717768538	231.26703678680713	249.01622042649356	225.75168296607617	266.0905744590495	241.39348880591004	266.4346130666271	229.7474498822366	260.09144403232153	214.70462275782566	227.95906334786625	225.5143163702204
N9645	262.725324582412	222.3991976660027	233.75698100374905	241.46673045181407	249.50366369577404	260.2450864781702	230.652771542645	254.03396584361764	230.4188686027901	229.68359107875528	223.8224969781198	222.85708993474782	227.48472677046072	255.51825542010548	243.52922983220614	234.31280372961893	238.09314489629134	230.40265619768522	231.1988758068074	248.9480594464935	225.6835219860762	266.02241347904953	241.32532782590985	266.36645208662696	229.67928890223664	260.0232830523215	214.63646177782562	227.89090236786618	225.4461553902203
N9642	265.60529994241193	225.27917302600278	236.63695636374914	244.346705811814	252.383639055774	263.1250618381702	233.53274690264487	256.9139412036177	233.29884396279	232.56356643875532	226.7024723381197	225.73706529474774	230.36470213046076	258.3982307801056	246.4092051922063	237.19277908961888	240.97312025629134	233.28263155768522	234.07885116680734	251.82803480649355	228.56349734607608	268.9023888390493	244.20530318590997	269.2464274466269	232.5592642622366	262.90325841232146	217.51643713782568	230.77087772786606	228.3261307502204
N9641	264.85594497241203	224.52981805600277	235.88760139374907	243.59735084181403	251.63428408577388	262.37570686817	232.78339193264497	256.1645862336175	232.54948899278997	231.81421146875533	225.95311736811965	224.98771032474755	229.6153471604609	257.64887581010555	245.65985022220616	236.44342411961884	240.22376528629127	232.53327658768535	233.32949619680724	251.07867983649345	227.81414237607612	268.1530338690493	243.45594821590987	268.4970724766269	231.80990929223654	262.1539034423215	216.76708216782566	230.021522757866	227.57677578022034
N9640	260.6433330124121	220.31720609600293	231.67498943374915	239.38473888181394	247.42167212577385	258.1630949081701	228.57077997264489	251.95197427361768	228.33687703279006	227.60159950875538	221.74050540811967	220.7750983647476	225.40273520046085	253.43626385010555	241.44723826220624	232.23081215961878	236.01115332629132	228.32066462768532	229.11688423680724	246.86606787649342	223.60153041607614	263.9404219090494	239.24333625590992	264.28446051662706	227.59729733223645	257.9412914823216	212.55447020782572	225.80891079786608	223.36416382022023
N9635	262.49947045241186	222.17334353600287	233.5311268737491	241.2408763218138	249.27780956577396	260.0192323481702	230.42691741264497	253.80811171361765	230.1930144727899	229.45773694875527	223.59664284811979	222.63123580474775	227.2588726404608	255.2924012901055	243.30337570220618	234.08694959961892	237.86729076629135	230.17680206768526	230.97302167680743	248.72220531649353	225.45766785607614	265.79655934904946	241.09947369591006	266.14059795662695	229.45343477223662	259.79742892232133	214.41060764782563	227.6650482378661	225.22030126022042
N9634	257.36067062241216	217.0345437060028	228.3923270437491	236.10207649181393	244.13900973577395	254.88043251817012	225.28811758264507	248.66931188361772	225.0542146427901	224.31893711875534	218.45784301811963	217.49243597474776	222.12007281046093	250.15360146010545	238.16457587220614	228.94814976961877	232.7284909362914	225.03800223768522	225.83422184680734	243.5834054864934	220.31886802607613	260.6577595190495	235.9606738659099	261.0017981266269	224.31463494223655	254.65862909232143	209.27180781782582	222.52624840786623	220.08150143022038
N9633	257.856067142412	217.52994022600285	228.88772356374912	236.5974730118139	244.63440625577394	255.37582903817008	225.78351410264494	249.1647084036175	225.5496111627901	224.81433363875536	218.9532395381197	217.9878324947478	222.61546933046085	250.6489979801055	238.65997239220613	229.4435462896188	233.22388745629127	225.5333987576853	226.32961836680732	244.07880200649328	220.8142645460762	261.15315603904907	236.45607038591004	261.497194646627	224.8100314622366	255.15402561232162	209.76720433782566	223.02164492786616	220.57689795022043
N9631	258.242098672412	217.91597175600282	229.27375509374903	236.98350454181394	245.02043778577388	255.76186056817005	226.16954563264503	249.55073993361776	225.93564269278994	225.20036516875533	219.33927106811967	218.3738640247476	223.0015008604609	251.0350295101057	239.0460039222062	229.82957781961878	233.6099189862914	225.91943028768523	226.71564989680738	244.46483353649353	221.20029607607626	261.5391875690493	236.84210191590986	261.8832261766269	225.19606299223662	255.5400571423215	210.1532358678256	223.40767645786605	220.96292948022037
N9630	260.0488149024122	219.7226879860028	231.08047132374926	238.79022077181398	246.82715401577403	257.56857679817006	227.97626186264517	251.35745616361766	227.74235892279012	227.00708139875536	221.14598729811973	220.18058025474787	224.80821709046086	252.8417457401056	240.85272015220616	231.6362940496189	235.41663521629135	227.7261465176854	228.52236612680719	246.27154976649356	223.00701230607623	263.3459037990495	238.6488181459099	263.6899424066271	227.00277922223654	257.34677337232154	211.95995209782572	225.21439268786622	222.76964571022043
N9628	256.00975042241214	215.68362350600287	227.0414068437491	234.75115629181403	242.78808953577396	253.52951231817013	223.937197382645	247.31839168361753	223.7032944427901	222.96801691875535	217.10692281811973	216.14151577474772	220.76915261046094	248.80268126010554	236.8136556722062	227.59722956961886	231.37757073629135	223.68708203768526	224.4833016468074	242.23248528649341	218.9679478260761	259.3068393190494	234.60975366590975	259.650877926627	222.96371474223676	253.30770889232147	207.9208876178257	221.1753282078662	218.73058123022034
N9627	254.981435802412	214.6553088860029	226.013092223749	233.72284167181417	241.759774915774	252.5011976981701	222.90888276264496	246.29007706361747	222.6749798227901	221.9397022987553	216.0786081981195	215.11320115474777	219.7408379904608	247.77436664010546	235.7853410522063	226.56891494961894	230.34925611629137	222.65876741768528	223.45498702680726	241.20417066649352	217.93963320607617	258.2785246990494	233.58143904590986	258.62256330662706	221.93540012223662	252.2793942723215	206.89257299782574	220.14701358786598	217.70226661022033
N9626	246.36590457241203	206.03977765600268	217.39756099374898	225.107310441814	233.14424368577403	243.88566646817011	214.293351532645	237.67454583361757	214.0594485927901	213.32417106875536	207.46307696811965	206.49766992474775	211.1253067604609	239.1588354101055	227.1698098222061	217.95338371961867	221.73372488629127	214.04323618768532	214.83945579680721	232.58863943649354	209.32410197607618	249.6629934690495	224.96590781590993	250.00703207662696	213.31986889223663	243.6638630423215	198.2770417678256	211.531482357866	209.0867353802203
N9620	256.80006847241214	216.47394155600293	227.83172489374917	235.54147434181402	243.578407585774	254.3198303681701	224.72751543264513	248.10870973361773	224.4936124927902	223.75833496875532	217.8972408681196	216.93183382474788	221.55947066046068	249.59299931010545	237.60397372220623	228.38754761961886	232.1678887862913	224.47740008768525	225.2736196968075	243.02280333649333	219.7582658760761	260.09715736904934	235.4000717159099	260.44119597662694	223.75403279223653	254.09802694232147	208.7112056678257	221.96564625786613	219.52089928022045
N9619	256.44537497241214	216.11924805600287	227.47703139374914	235.18678084181408	243.22371408577396	253.96513686817008	224.37282193264494	247.7540162336175	224.1389189927901	223.40364146875538	217.54254736811976	216.57714032474772	221.20477716046085	249.23830581010552	237.24928022220612	228.03285411961875	231.81319528629115	224.12270658768526	224.9189261968071	242.66810983649358	219.40357237607606	259.74246386904935	235.04537821591003	260.086502476627	223.39933929223656	253.74333344232159	208.3565121678255	221.61095275786613	219.16620578022042
N9618	257.211460952412	216.88533403600283	228.24311737374913	235.95286682181396	243.9898000657739	254.7312228481702	225.13890791264507	248.5201022136176	224.90500497279004	224.1697274487553	218.30863334811977	217.3432263047479	221.97086314046086	250.00439179010556	238.01536620220617	228.79894009961893	232.57928126629133	224.88879256768521	225.68501217680733	243.4341958164933	220.1696583560761	260.5085498490493	235.81146419590982	260.85258845662685	224.16542527223663	254.50941942232149	209.12259814782576	222.37703873786606	219.93229176022027
N9617	253.94601775241193	213.61989083600272	224.9776741737492	232.6874236218139	240.72435686577393	251.46577964817018	221.87346471264487	245.2546590136176	221.63956177279	220.9042842487554	215.0431901481198	214.07778310474774	218.70541994046096	246.73894859010548	234.74992300220623	225.53349689961883	229.31383806629145	221.62334936768522	222.41956897680717	240.1687526164935	216.90421515607616	257.2431066490495	232.54602099591014	257.58714525662697	220.8999820722366	251.24397622232158	205.85715494782562	219.11159553786612	216.66684856022022
N9615	255.49123571241208	215.1651087960027	226.52289213374905	234.23264158181402	242.26957482577387	253.0109976081702	223.4186826726449	246.7998769736176	223.1847797327899	222.44950220875526	216.58840810811972	215.62300106474777	220.2506379004609	248.2841665501055	236.29514096220612	227.0787148596189	230.85905602629146	223.16856732768525	223.9647869368072	241.7139705764933	218.44943311607622	258.78832460904954	234.09123895590994	259.1323632166269	222.44520003223656	252.78919418232144	207.40237290782574	220.65681349786612	218.21206652022022
N9614	260.4910024324122	220.16487551600278	231.52265885374914	239.23240830181408	247.26934154577384	258.0107643281702	228.4184493926449	251.79964369361755	228.18454645278996	227.4492689287554	221.58817482811963	220.62276778474762	225.25040462046078	253.2839332701055	241.29490768220614	232.07848157961882	235.8588227462914	228.16833404768536	228.96455365680725	246.71373729649355	223.44919983607625	263.7880913290494	239.09100567591003	264.13212993662717	227.44496675223658	257.7889609023213	212.40213962782573	225.65658021786618	223.2118332402202
N9612	258.82326334241213	218.4971364260028	229.8549197637491	237.56466921181405	245.60160245577399	256.34302523817007	226.7507103026451	250.13190460361764	226.51680736278996	225.78152983875535	219.9204357381197	218.95502869474788	223.58266553046093	251.61619418010548	239.62716859220603	230.41074248961894	234.19108365629134	226.50059495768522	227.29681456680729	245.0459982064935	221.78146074607616	262.12035223904934	237.42326658591003	262.464390846627	225.77722766223675	256.12122181232144	210.73440053782585	223.98884112786618	221.54409415022033
N9611	254.47366139241217	214.14753447600287	225.50531781374914	233.21506726181406	241.2520005057739	251.99342328817005	222.4011083526449	245.7823026536178	222.16720541279003	221.43192788875533	215.57083378811964	214.60542674474777	219.23306358046088	247.26659223010554	235.27756664220618	226.06114053961886	229.8414817062914	222.1509930076853	222.94721261680724	240.6963962564934	217.43185879607617	257.7707502890495	233.07366463591006	258.11478889662703	221.42762571223673	251.77161986232136	206.38479858782583	219.63923917786613	217.19449220022025
N9601	259.0817787524118	218.75565183600273	230.11343517374917	237.82318462181408	245.86011786577387	256.6015406481702	227.00922571264502	250.3904200136176	226.77532277279005	226.04004524875532	220.17895114811975	219.21354410474783	223.84118094046102	251.87470959010574	239.88568400220615	230.66925789961877	234.44959906629114	226.75911036768522	227.55532997680734	245.30451361649324	222.0399761560761	262.37886764904937	237.68178199591	262.722906256627	226.0357430722365	256.3797372223214	210.99291594782576	224.24735653786615	221.80260956022045
N9600	258.45257043241213	218.12644351600267	229.4842268537491	237.1939763018141	245.23090954577398	255.97233232817013	226.380017392645	249.76121169361767	226.14611445279016	225.4108369287553	219.5497428281196	218.58433578474768	223.2119726204609	251.24550127010545	239.25647568220612	230.04004957961894	233.82039074629128	226.12990204768522	226.92612165680745	244.67530529649352	221.4107678360761	261.74965932904945	237.05257367590994	262.0936979366271	225.40653475223655	255.75052890232155	210.3637076278255	223.61814821786618	221.17340124022016
N9599	259.2481386324119	218.9220117160028	230.2797950537491	237.98954450181404	246.02647774577386	256.76790052817006	227.17558559264492	250.55677989361763	226.94168265279006	226.20640512875536	220.34531102811965	219.37990398474784	224.00754082046095	252.0410694701056	240.05204388220616	230.83561777961876	234.61595894629127	226.92547024768524	227.72168985680727	245.47087349649343	222.2063360360761	262.54522752904944	237.84814187590993	262.889266136627	226.20210295223674	256.5460971023215	211.15927582782572	224.41371641786617	221.96896944022026
N9597	256.22037459241204	215.89424767600286	227.252031013749	234.9617804618139	242.99871370577392	253.7401364881701	224.14782155264496	247.5290158536176	223.91391861279007	223.17864108875528	217.3175469881197	216.35213994474762	220.97977678046087	249.0133054301056	237.02427984220628	227.80785373961882	231.5881949062914	223.89770620768527	224.69392581680734	242.44310945649346	219.1785719960762	259.51746348904925	234.82037783590997	259.8615020966269	223.17433891223646	253.5183330623214	208.13151178782573	221.3859523778661	218.94120540022035
N9596	256.4263700524121	216.1002431360028	227.4580264737491	235.1677759218141	243.204709165774	253.94613194817018	224.353817012645	247.73501131361772	224.11991407278987	223.38463654875534	217.52354244811963	216.55813540474765	221.18577224046084	249.21930089010567	237.23027530220608	228.01384919961902	231.79419036629136	224.10370166768536	224.8999212768074	242.64910491649357	219.38456745607627	259.7234589490495	235.02637329590988	260.0674975566271	223.38033437223658	253.72432852232154	208.33750724782567	221.59194783786614	219.14720086022035
N9595	255.550507112412	215.22438019600284	226.58216353374908	234.29191298181405	242.32884622577396	253.07026900817021	223.4779540726452	246.85914837361773	223.24405113279008	222.5087736087554	216.64767950811952	215.68227246474774	220.30990930046082	248.34343795010545	236.35441236220612	227.137986259619	230.91832742629128	223.22783872768517	224.02405833680723	241.7732419764934	218.5087045160762	258.84759600904954	234.15051035590992	259.191634616627	222.50447143223658	252.84846558232152	207.4616443078256	220.71608489786595	218.2713379202203
N9594	253.97995937241205	213.65383245600285	225.0116157937491	232.7213652418142	240.75829848577385	251.49972126817016	221.90740633264505	245.28860063361768	221.67350339279002	220.93822586875524	215.07713176811956	214.1117247247478	218.73936156046096	246.77289021010546	234.78386462220618	225.5674385196188	229.34777968629126	221.6572909876853	222.45351059680738	240.20269423649353	216.93815677607626	257.2770482690492	232.57996261590998	257.621086876627	220.93392369223656	251.27791784232141	205.89109656782574	219.14553715786602	216.7007901802203
N9591	260.07723427241194	219.75110735600288	231.10889069374906	238.81864014181414	246.85557338577397	257.59699616817016	228.00468123264494	251.3858755336177	227.77077829279	227.03550076875533	221.1744066681197	220.2089996247477	224.83663646046088	252.87016511010543	240.88113952220618	231.66471341961878	235.44505458629126	227.7545658876852	228.55078549680712	246.29996913649344	223.03543167607612	263.37432316904943	238.67723751590998	263.7183617766268	227.03119859223665	257.3751927423214	211.98837146782566	225.24281205786627	222.79806508022034
N9590	260.15193985241206	219.82581293600273	231.1835962737491	238.8933457218141	246.93027896577385	257.67170174817005	228.07938681264488	251.46058111361774	227.84548387279006	227.11020634875524	221.2491122481197	220.2837052047478	224.91134204046094	252.9448706901055	240.95584510220604	231.73941899961883	235.5197601662913	227.82927146768532	228.62549107680718	246.37467471649336	223.11013725607617	263.4490287490495	238.75194309591004	263.793067356627	227.10590417223668	257.44989832232153	212.06307704782574	225.3175176378661	222.87277066022043
N9589	253.4083143424121	213.0821874260028	224.43997076374922	232.1497202118141	240.18665345577384	250.9280762381701	221.33576130264504	244.71695560361763	221.1018583627899	220.3665808387553	214.5054867381196	213.54007969474762	218.16771653046095	246.20124518010547	234.2122195922062	224.99579348961893	228.77613465629128	221.08564595768536	221.88186556680725	239.63104920649366	216.36651174607613	256.70540323904925	232.00831758590985	257.04944184662696	220.3622786622367	250.70627281232152	205.3194515378255	218.57389212786617	216.12914515022035
N9587	253.82794934241213	213.5018224260029	224.85960576374916	232.5693552118139	240.60628845577392	251.34771123817012	221.7553963026449	245.13659060361766	221.5214933627901	220.78621583875528	214.92512173811957	213.9597146947477	218.587351530461	246.6208801801055	234.6318545922062	225.4154284896189	229.19576965629136	221.5052809576853	222.30150056680722	240.0506842064932	216.78614674607618	257.12503823904945	232.4279525859101	257.46907684662705	220.7819136622366	251.12590781232166	205.73908653782573	218.9935271278662	216.54878015022038
N9586	254.3187426224121	213.99261570600288	225.35039904374918	233.06014849181403	241.09708173577388	251.83850451817	222.24618958264494	245.62738388361763	222.01228664279003	221.27700911875525	215.41591501811953	214.45050797474772	219.07814481046097	247.11167346010558	235.1226478722062	225.90622176961887	229.68656293629138	221.99607423768532	222.7922938468073	240.54147748649348	217.27694002607626	257.6158315190494	232.91874586590995	257.95987012662704	221.2727069422367	251.61670109232156	206.22987981782578	219.48432040786622	217.03957343022043
N9584	252.3374819724121	212.01135505600277	223.36913839374913	231.078887841814	239.115821085774	249.85724386817014	220.2649289326451	243.64612323361766	220.03102599279003	219.29574846875533	213.43465436811957	212.46924732474778	217.0968841604609	245.13041281010535	233.1413872222062	223.92496111961879	227.70530228629121	220.01481358768532	220.8110331968074	238.56021683649337	215.29567937607627	255.63457086904947	230.93748521591002	255.97860947662699	219.29144629223666	249.6354404423215	204.2486191678257	217.50305975786614	215.05831278022046
N9583	255.50502746241204	215.17890054600258	226.5366838837491	234.24643333181396	242.2833665757739	253.02478935817	223.43247442264507	246.81366872361755	223.19857148279002	222.4632939587554	216.6021998581197	215.6367928147479	220.26442965046093	248.29795830010573	236.3089327122062	227.09250660961885	230.8728477762913	223.18235907768522	223.97857868680717	241.72776232649335	218.46322486607622	258.8021163590494	234.10503070590985	259.14615496662697	222.45899178223655	252.80298593232143	207.41616465782568	220.67060524786618	218.2258582702203
N9580	252.25364413241203	211.92751721600285	223.28530055374915	230.99505000181384	239.03198324577392	249.77340602817014	220.18109109264503	243.56228539361769	219.94718815279006	219.2119106287553	213.35081652811965	212.38540948474775	217.01304632046092	245.04657497010535	233.05754938220616	223.84112327961887	227.62146444629127	219.93097574768532	220.72719535680739	238.4763789964936	215.2118415360762	255.5507330290495	230.85364737590993	255.89477163662693	219.20760845223668	249.55160260232162	204.1647813278258	217.41922191786605	214.97447494022038
N9579	253.7085893324119	213.38246241600288	224.74024575374912	232.44999520181403	240.48692844577386	251.22835122817008	221.63603629264503	245.01723059361765	221.40213335279	220.66685582875533	214.80576172811962	213.8403546847478	218.46799152046086	246.50152017010547	234.51249458220596	225.29606847961895	229.07640964629135	221.38592094768518	222.1821405568071	239.9313241964935	216.66678673607603	257.0056782290495	232.30859257590998	257.349716836627	220.66255365223648	251.0065478023215	205.61972652782566	218.87416711786597	216.42942014022037
N9577	256.991758162412	216.66563124600276	228.0234145837491	235.73316403181403	243.77009727577382	254.51152005817016	224.91920512264505	248.30039942361768	224.68530218279017	223.95002465875544	218.08893055811967	217.1235235147479	221.75116035046094	249.78468900010552	237.79566341220607	228.57923730961895	232.35957847629143	224.66908977768531	225.4653093868073	243.2144930264935	219.94995556607617	260.2888470590495	235.59176140590998	260.6328856666271	223.94572248223656	254.28971663232142	208.90289535782566	222.15733594786616	219.71258897022028
N9576	256.1694204924121	215.84329357600288	227.2010769137491	234.91082636181403	242.94775960577388	253.68918238817014	224.096867452645	247.4780617536176	223.86296451279006	223.1276869887554	217.2665928881197	216.30118584474772	220.92882268046097	248.9623513301055	236.97332574220607	227.75689963961895	231.5372408062915	223.8467521076853	224.64297171680712	242.39215535649348	219.12761789607623	259.4665093890494	234.76942373590995	259.8105479966269	223.1233848122366	253.46737896232153	208.08055768782577	221.33499827786613	218.8902513002204
N9567	253.63454537241213	213.30841845600264	224.66620179374905	232.37595124181402	240.41288448577382	251.1543072681701	221.56199233264502	244.94318663361761	221.32808939279016	220.5928118687553	214.73171776811972	213.76631072474777	218.39394756046087	246.42747621010568	234.43845062220615	225.22202451961894	229.00236568629128	221.3118769876852	222.10809659680723	239.85728023649344	216.5927427760761	256.93163426904925	232.23454861590992	257.275672876627	220.58850969223673	250.9325038423215	205.5456825678256	218.80012315786612	216.35537618022025
N9566	253.759298772412	213.43317185600284	224.79095519374908	232.50070464181388	240.537637885774	251.2790606681702	221.68674573264485	245.06794003361756	221.45284279279005	220.71756526875535	214.85647116811975	213.8910641247478	218.51870096046088	246.55222961010543	234.56320402220612	225.34677791961877	229.1271190862912	221.43663038768528	222.2328499968073	239.98203363649355	216.7174961760761	257.0563876690495	232.35930201591	257.4004262766269	220.71326309223664	251.05725724232147	205.67043596782574	218.92487655786613	216.4801295802204
N9565	252.2261294224121	211.9000025060029	223.25778584374905	230.9675352918141	239.00446853577392	249.74589131817012	220.1535763826449	243.5347706836176	219.9196734427901	219.18439591875534	213.32330181811963	212.35789477474765	216.98553161046104	245.0190602601055	233.03003467220609	223.81360856961882	227.5939497362914	219.9034610376853	220.69968064680748	238.44886428649352	215.18432682607622	255.52321831904948	230.82613266590988	255.867256926627	219.18009374223666	249.52408789232157	204.1372666178257	217.39170720786618	214.9469602302203
N9563	246.56952801241198	206.24340109600277	217.60118443374904	225.31093388181398	233.34786712577392	244.08928990817003	214.49697497264486	237.87816927361757	214.26307203279006	213.52779450875533	207.66670040811968	206.70129336474778	211.32893020046086	239.36245885010564	227.37343326220622	218.1570071596189	221.93734832629144	214.24685962768524	215.04307923680753	232.79226287649362	209.5277254160762	249.8666169090494	225.16953125590996	250.21065551662707	213.52349233223657	243.8674864823215	198.48066520782572	211.7351057978661	209.29035882022026
N9562	247.74592755241207	207.41980063600275	218.77758397374907	226.48733342181407	234.524266665774	245.26568944817024	215.67337451264498	239.05456881361758	215.43947157278996	214.7041940487554	208.84309994811974	207.8776929047477	212.50532974046095	240.53885839010547	228.5498328022061	219.3334066996188	223.11374786629133	215.42325916768527	216.21947877680722	233.96866241649352	210.70412495607616	251.04301644904945	226.3459307959098	251.38705505662702	214.6998918722367	245.0438860223215	199.6570647478256	212.9115053378661	210.46675836022024
N9561	253.25415205241205	212.92802513600284	224.2858084737491	231.99555792181394	240.032491165774	250.77391394817022	221.1815990126449	244.5627933136177	220.94769607279	220.2124185487554	214.35132444811956	213.3859174047478	218.013554240461	246.0470828901054	234.05805730220627	224.8416311996189	228.62197236629135	220.9314836676853	221.7277032768073	239.4768869164935	216.21234945607617	256.5512409490493	231.85415529590983	256.8952795566271	220.20811637223667	250.55211052232158	205.16528924782565	218.41972983786619	215.97498286022048
N9559	248.87675078241205	208.55062386600287	219.9084072037491	227.61815665181402	235.65508989577387	246.39651267817013	216.8041977426449	240.18539204361758	216.5702948027901	215.8350172787553	209.9739231781196	209.00851613474785	213.63615297046087	241.66968162010554	229.68065603220606	220.4642299296188	224.2445710962913	216.55408239768522	217.35030200680728	235.0994856464933	211.8349481860761	252.17383967904928	227.47675402590997	252.51787828662697	215.8307151022366	246.17470925232146	200.78788797782565	214.04232856786615	211.5975815902203
N9558	251.27425617241204	210.94812925600263	222.3059125937491	230.015662041814	238.05259528577395	248.79401806816995	219.20170313264487	242.5828974336176	218.96780019279015	218.2325226687553	212.37142856811957	211.40602152474779	216.0336583604609	244.06718701010547	232.07816142220616	222.86173531961882	226.64207648629127	218.95158778768524	219.74780739680736	237.49699103649345	214.2324535760762	254.57134506904936	229.87425941591002	254.91538367662696	218.22822049223666	248.57221464232163	203.18539336782575	216.43983395786609	213.99508698022035
N9552	249.7107205124121	209.3845935960029	220.74237693374909	228.45212638181405	236.48905962577388	247.23048240817008	217.6381674726452	241.01936177361773	217.40426453279005	216.6689870087553	210.8078929081197	209.84248586474766	214.4701227004609	242.5036513501055	230.51462576220618	221.29819965961886	225.07854082629134	217.3880521276852	218.1842717368073	235.9334553764934	212.66891791607625	253.00780940904943	228.31072375590995	253.351848016627	216.66468483223673	247.00867898232144	201.62185770782565	214.8762982978662	212.43155132022025
N9551	250.28346446241198	209.95733754600266	221.31512088374916	229.0248703318139	237.0618035757739	247.80322635817015	218.21091142264493	241.5921057236177	217.97700848278996	217.2417309587554	211.3806368581196	210.41522981474768	215.04286665046092	243.07639530010567	231.08736971220605	221.87094360961885	225.6512847762913	217.96079607768522	218.75701568680708	236.5061993264933	213.2416618660762	253.58055335904933	228.88346770591008	253.92459196662696	217.2374287822368	247.58142293232152	202.19460165782567	215.44904224786615	213.00429527022024
N9550	250.3295929724121	210.00346605600276	221.36124939374915	229.07099884181395	237.10793208577388	247.84935486817017	218.25703993264503	241.63823423361754	218.02313699279003	217.28785946875536	211.4267653681197	210.46135832474772	215.08899516046083	243.1225238101055	231.1334982222061	221.91707211961904	225.69741328629152	218.0069245876852	218.80314419680732	236.55232783649342	213.28779037607626	253.6266818690494	228.92959621591	253.97072047662704	217.28355729223645	247.62755144232162	202.24073016782575	215.49517075786622	213.0504237802202
N9549	250.88650222241205	210.56037530600273	221.91815864374902	229.6279080918141	237.6648413357739	248.4062641181701	218.81394918264505	242.1951434836176	218.58004624279	217.84476871875526	211.98367461811955	211.01826757474768	215.6459044104609	243.67943306010568	231.69040747220612	222.47398136961888	226.25432253629126	218.56383383768528	219.3600534468073	237.1092370864935	213.84469962607614	254.18359111904948	229.48650546590991	254.52762972662694	217.84046654223667	248.18446069232152	202.79763941782568	216.05208000786615	213.60733303022036
N9548	251.60939929241204	211.28327237600288	222.64105571374918	230.350805161814	238.38773840577394	249.12916118817012	219.53684625264486	242.9180405536176	219.30294331279012	218.56766578875536	212.70657168811965	211.74116464474773	216.3688014804608	244.40233013010547	232.41330454220616	223.19687843961884	226.9772196062911	219.28673090768527	220.08295051680724	237.83213415649345	214.56759669607627	254.9064881890495	230.20940253590985	255.25052679662699	218.56336361223654	248.90735776232137	203.52053648782564	216.77497707786614	214.3302301002203
N9545	255.96688209241216	215.6407551760029	226.9985385137491	234.70828796181397	242.74522120577402	253.48664398817002	223.89432905264496	247.27552335361773	223.66042611279008	222.92514858875538	217.06405448811958	216.0986474447477	220.72628428046087	248.7598129301055	236.77078734220612	227.55436123961886	231.33470240629137	223.64421370768534	224.4404333168073	242.1896169564935	218.92507949607622	259.2639709890494	234.56688533590994	259.608009596627	222.92084641223664	253.2648405623216	207.87801928782562	221.1324598778663	218.68771290022036
N9544	258.075357962412	217.74923104600296	229.10701438374903	236.81676383181414	244.8536970757739	255.59511985817005	226.00280492264497	249.38399922361774	225.76890198278997	225.03362445875536	219.17253035811976	218.2071233147478	222.8347601504607	250.86828880010555	238.8792632122061	229.66283710961878	233.4431782762914	225.75268957768523	226.54890918680735	244.2980928264935	221.03355536607614	261.3724468590493	236.67536120590998	261.716485466627	225.02932228223668	255.37331643232156	209.98649515782577	223.2409357478661	220.79618877022037
N9543	248.77765690241205	208.45152998600264	219.80931332374902	227.5190627718141	235.5559960157739	246.29741879817016	216.7051038626448	240.08629816361764	216.47120092279	215.73592339875532	209.87482929811978	208.90942225474768	213.5370590904609	241.57058774010557	229.5815621522063	220.36513604961883	224.14547721629114	216.4549885176852	217.25120812680711	235.00039176649346	211.73585430607608	252.0747457990494	227.37766014591008	252.41878440662697	215.73162122223658	246.07561537232152	200.68879409782568	213.94323468786624	211.49848771022045
N9540	249.105553952412	208.77942703600274	220.13721037374916	227.84695982181404	235.88389306577398	246.62531584817012	217.033000912645	240.41419521361772	216.79909797279007	216.06382044875522	210.20272634811963	209.23731930474761	213.86495614046083	241.89848479010558	229.9094592022061	220.69303309961882	224.4733742662912	216.78288556768535	217.57910517680736	235.3282888164935	212.06375135607612	252.4026428490494	227.70555719590996	252.7466814566269	216.0595182722366	246.4035124223215	201.01669114782564	214.27113173786603	211.82638476022035
N9539	253.6427507124121	213.31662379600292	224.67440713374924	232.38415658181398	240.42108982577403	251.16251260817	221.57019767264507	244.95139197361752	221.33629473279	220.6010172087553	214.73992310811974	213.7745160647478	218.40215290046078	246.43568155010553	234.44665596220614	225.2302298596189	229.01057102629127	221.32008232768524	222.11630193680736	239.86548557649348	216.6009481160761	256.93983960904933	232.24275395590996	257.2838782166269	220.59671503223663	250.94070918232146	205.55388790782575	218.80832849786617	216.36358152022044
N9538	250.33760332241206	210.01147640600286	221.36925974374904	229.07900919181424	237.11594243577397	247.85736521816995	218.26505028264486	241.64624458361763	218.0311473427901	217.29586981875536	211.4347757181197	210.46936867474787	215.09700551046083	243.13053416010547	231.14150857220616	221.92508246961884	225.70542363629121	218.01493493768533	218.81115454680705	236.56033818649337	213.2958007260762	253.63469221904947	228.93760656591004	253.97873082662704	217.2915676422366	247.63556179232154	202.2487405178257	215.50318110786608	213.0584341302203
N9537	256.31677237241206	215.99064545600285	227.3484287937492	235.05817824181403	243.095111485774	253.83653426817006	224.244219332645	247.62541363361763	224.01031639278997	223.2750388687554	217.41394476811953	216.44853772474772	221.0761745604609	249.10970321010527	237.1206776222062	227.9042515196188	231.68459268629132	223.99410398768526	224.7903235968072	242.53950723649345	219.27496977607623	259.6138612690494	234.91677561591	259.957899876627	223.2707366922365	253.6147308423215	208.22790956782578	221.48235015786616	219.03760318022023
N9524	247.36990685241204	207.0437799360028	218.40156327374908	226.11131272181407	234.14824596577384	244.8896687481701	215.29735381264507	238.67854811361764	215.0634508727901	214.3281733487553	208.4670792481197	207.50167220474762	212.1293090404608	240.16283769010545	228.1738121022061	218.95738599961882	222.73772716629128	215.04723846768522	215.8434580768073	233.59264171649355	210.3281042560762	250.66699574904936	225.6776974179999	251.011034356627	214.3110367225742	244.6678653223216	199.28104404782565	212.5354846378662	210.0907376602204
N9523	247.49654932241222	207.1704224060029	218.52820574374917	226.23795519181388	234.27488843577396	245.01631121817005	215.42399628264494	238.80519058361756	215.19009334279002	214.45481581875532	208.5937217181197	207.62831467474794	212.2559515104609	240.2894801601055	228.30045457220626	219.08402846961883	222.86436963629131	215.17388093768528	215.97010054680737	233.71928418649352	210.45474672607622	250.79363821904946	225.8043398879999	251.13767682662694	214.43767919257422	244.79450779232147	199.4076865178258	212.66212710786613	210.21738013022022
N9521	247.3500535424121	207.02392662600283	218.38170996374916	226.09145941181387	234.12839265577395	244.86981543817015	215.27750050264493	238.65869480361766	215.04359756279007	214.30832003875537	208.4472259381197	207.4818188947477	212.10945573046075	240.14298438010547	228.15395879220625	218.93753268961896	222.71787385629136	215.0273851576852	215.82360476680736	233.57278840649352	210.30825094607607	250.64714243904922	225.6578441080001	250.991181046627	214.2911834125742	244.64801201232157	199.2611907378257	212.5156313278663	210.07088435022044
N9520	247.3500535424121	207.02392662600283	218.38170996374916	226.09145941181387	234.12839265577395	244.86981543817015	215.27750050264493	238.65869480361766	215.04359756279007	214.30832003875537	208.4472259381197	207.4818188947477	212.10945573046075	240.14298438010547	228.15395879220625	218.93753268961896	222.71787385629136	215.0273851576852	215.82360476680736	233.57278840649352	210.30825094607607	250.64714243904922	225.6578441080001	250.991181046627	214.2911834125742	244.64801201232157	199.2611907378257	212.5156313278663	210.07088435022044
N9519	247.52370738241208	207.1975804660026	218.55536380374912	226.26511325181406	234.3020464957739	245.04346927817028	215.45115434264514	238.83234864361776	215.21725140279008	214.48197387875527	208.62087977811973	207.6554727347478	212.2831095704608	240.31663822010546	228.32761263220615	219.1111865296189	222.89152769629138	215.20103899768537	215.99725860680735	233.74644224649347	210.4819047860761	250.82079627904946	225.83149794799996	251.16483488662692	214.46483725257428	244.82166585232153	199.4348445778256	212.68928516786622	210.24453819022037
N9515	247.24623576241194	206.92010884600288	218.27789218374912	225.9876416318141	234.02457487577396	244.76599765817008	215.173682722645	238.5548770236176	214.93977978279003	214.20450225875535	208.34340815811976	207.37800111474783	212.00563795046088	240.0391666001055	228.05014101220613	218.83371490961892	222.6140560762913	214.92356737768526	215.71978698680735	233.46897062649347	210.2044331660762	250.54332465904938	225.5540263279999	250.88736326662703	214.18736563257417	244.54419423232136	199.15737295782574	212.41181354786625	209.96706657022023
N9514	247.4298023924121	207.10367547600293	218.46145881374918	226.17120826181406	234.208141505774	244.94956428817022	215.3572493526449	238.73844365361765	215.12334641279006	214.38806888875536	208.52697478811965	207.56156774474783	212.1892045804608	240.2227332301056	228.23370764220627	219.01728153961872	222.79762270629138	215.10713400768532	215.9033536168073	233.65253725649325	210.38799979607617	250.72689128904938	225.73759295800008	251.07092989662704	214.37093226257426	244.72776086232145	199.34093958782566	212.5953801778662	210.1506332002203
N9513	247.58241290241202	207.25628598600267	218.61406932374913	226.3238187718141	234.36075201577395	245.10217479817015	215.5098598626449	238.89105416361758	215.27595692279004	214.54067939875534	208.67958529811955	207.71417825474776	212.34181509046078	240.37534374010542	228.3863181522061	219.16989204961885	222.9502332162914	215.25974451768533	216.0559641268074	233.80514776649326	210.5406103060761	250.87950179904934	225.89020346799995	251.223540406627	214.52354277257444	244.88037137232155	199.49355009782565	212.74799068786626	210.30324371022039
N9511	247.30631116241202	206.98018424600272	218.337967583749	226.04771703181402	234.08465027577392	244.82607305817004	215.2337581226448	238.6149524236176	214.99985518278993	214.26457765875526	208.40348355811972	207.43807651474773	212.0657133504608	240.09924200010556	228.11021641220617	218.8937903096188	222.6741314762913	214.98364277768525	215.77986238680725	233.52904602649363	210.2645085660762	250.60340005904933	225.6141017279999	250.947438666627	214.24744103257436	244.60426963232152	199.21744835782567	212.47188894786623	210.02714197022036
N9	302.0347909341145	313.88664939264874	336.60899605751183	312.44065577975874	315.01533404970235	300.82126692973304	318.0269044599305	317.47002164707766	309.5045034781268	314.7552187615503	318.6671255930421	311.1355772569434	312.8294565777595	302.8755669783123	329.7021202823449	317.0263357313085	312.7072880514065	312.99221997294256	317.5605774734439	325.5416487618017	311.33694029981393	337.5358484159478	314.66897109669935	301.6254807396534	315.21920672849603	318.4920881981663	308.8555288288595	312.9010016825018	311.7618749400998
